176	Q0	1090904_nation_story_11449653.utf8	1	12.048466	shuvam
176	Q0	1090905_frontpage_story_11454541.utf8	2	11.947402	shuvam
176	Q0	1101130_nation_story_13238955.utf8	3	11.679491	shuvam
176	Q0	1090908_nation_story_11465393.utf8	4	11.529053	shuvam
176	Q0	1101202_nation_story_13248378.utf8	5	11.175938	shuvam
176	Q0	1090903_nation_story_11445143.utf8	6	10.961919	shuvam
176	Q0	1090905_nation_story_11454463.utf8	7	10.634830	shuvam
176	Q0	1090917_nation_story_11506656.utf8	8	10.534930	shuvam
176	Q0	1100902_nation_story_12886472.utf8	9	10.423494	shuvam
176	Q0	1090907_nation_story_11460480.utf8	10	10.237443	shuvam
176	Q0	1100929_nation_story_12995580.utf8	11	10.204516	shuvam
176	Q0	1090904_nation_story_11449741.utf8	12	10.178733	shuvam
176	Q0	1090903_frontpage_story_11445134.utf8	13	10.159993	shuvam
176	Q0	1100903_nation_story_12890529.utf8	14	10.070421	shuvam
176	Q0	1090904_nation_story_11449693.utf8	15	9.988221	shuvam
176	Q0	1090527_nation_story_11024932.utf8	16	9.970483	shuvam
176	Q0	1101208_nation_story_13272953.utf8	17	9.932999	shuvam
176	Q0	1101126_nation_story_13223927.utf8	18	9.794147	shuvam
176	Q0	1100709_nation_story_12663510.utf8	19	9.757291	shuvam
176	Q0	en.3.326.386.2009.9.4	20	9.746392	shuvam
176	Q0	1090903_nation_story_11445147.utf8	21	9.740050	shuvam
176	Q0	1091126_nation_story_11788457.utf8	22	9.639992	shuvam
176	Q0	1090904_frontpage_story_11449754.utf8	23	9.610866	shuvam
176	Q0	1080410_nation_story_9118720.utf8	24	9.441081	shuvam
176	Q0	1101126_nation_story_13223941.utf8	25	9.387851	shuvam
176	Q0	1090905_nation_story_11454462.utf8	26	9.386742	shuvam
176	Q0	1091006_frontpage_story_11580862.utf8	27	9.372450	shuvam
176	Q0	1100601_nation_story_12509550.utf8	28	9.218730	shuvam
176	Q0	1100726_nation_story_12726908.utf8	29	9.203353	shuvam
176	Q0	1091128_nation_story_11795570.utf8	30	9.075984	shuvam
176	Q0	1061016_nation_story_6876191.utf8	31	9.054508	shuvam
176	Q0	1101231_nation_story_13374136.utf8	32	9.005201	shuvam
176	Q0	1101224_nation_story_13342954.utf8	33	8.915977	shuvam
176	Q0	1100108_nation_story_11957978.utf8	34	8.868495	shuvam
176	Q0	1101129_nation_story_13234470.utf8	35	8.650317	shuvam
176	Q0	1070511_nation_story_7762695.utf8	36	8.563251	shuvam
176	Q0	1090907_opinion_story_11450515.utf8	37	8.520142	shuvam
176	Q0	1090903_frontpage_index.utf8	38	8.440889	shuvam
176	Q0	1090904_frontpage_index.utf8	39	8.360066	shuvam
176	Q0	1090904_nation_index.utf8	40	8.360066	shuvam
176	Q0	1090914_nation_story_11491543.utf8	41	8.331502	shuvam
176	Q0	1090907_opinion_story_11458582.utf8	42	8.320448	shuvam
176	Q0	1101125_nation_story_13219395.utf8	43	8.299091	shuvam
176	Q0	1090114_nation_story_10388004.utf8	44	8.285256	shuvam
176	Q0	1090903_nation_story_11445139.utf8	45	8.264675	shuvam
176	Q0	1060709_nation_story_6455391.utf8	46	8.254938	shuvam
176	Q0	1090904_nation_story_11449749.utf8	47	8.227632	shuvam
176	Q0	1100610_nation_story_12549247.utf8	48	8.212866	shuvam
176	Q0	1101029_nation_story_13112068.utf8	49	8.205145	shuvam
176	Q0	1090112_nation_story_10377337.utf8	50	8.132516	shuvam
176	Q0	1050413_nation_story_4608541.utf8	51	8.108571	shuvam
176	Q0	1050927_nation_story_5289136.utf8	52	8.099801	shuvam
176	Q0	1101122_nation_story_13205726.utf8	53	8.073805	shuvam
176	Q0	1101217_nation_story_13312152.utf8	54	8.007695	shuvam
176	Q0	1090906_nation_story_11457379.utf8	55	7.985583	shuvam
176	Q0	1100110_nation_story_11961824.utf8	56	7.964043	shuvam
176	Q0	1060406_nation_story_6064914.utf8	57	7.950685	shuvam
176	Q0	1091231_nation_story_11926934.utf8	58	7.913986	shuvam
176	Q0	1080406_nation_story_9101510.utf8	59	7.907339	shuvam
176	Q0	1090903_frontpage_story_11445122.utf8	60	7.821459	shuvam
176	Q0	1090905_nation_story_11454467.utf8	61	7.770463	shuvam
176	Q0	1090904_frontpage_story_114496210.utf8	62	7.757610	shuvam
176	Q0	1050214_nation_story_4374092.utf8	63	7.746934	shuvam
176	Q0	1091204_nation_story_11819839.utf8	64	7.711735	shuvam
176	Q0	1080414_nation_story_9135307.utf8	65	7.674108	shuvam
176	Q0	1040602_frontpage_story_3319318.utf8	66	7.655813	shuvam
176	Q0	1090404_nation_story_10772346.utf8	67	7.640640	shuvam
176	Q0	1100103_opinion_story_11935648.utf8	68	7.537462	shuvam
176	Q0	1080802_nation_story_9635923.utf8	69	7.456070	shuvam
176	Q0	1040915_nation_story_3759097.utf8	70	7.407704	shuvam
176	Q0	1050704_nation_story_4947264.utf8	71	7.395749	shuvam
176	Q0	1101130_frontpage_story_13238975.utf8	72	7.385602	shuvam
176	Q0	1060930_nation_story_6812661.utf8	73	7.316384	shuvam
176	Q0	1101125_frontpage_story_132194970.utf8	74	7.234142	shuvam
176	Q0	en.3.326.457.2009.9.3	75	7.230737	shuvam
176	Q0	1100602_nation_story_12513703.utf8	76	7.206101	shuvam
176	Q0	1100811_nation_story_12796214.utf8	77	7.163021	shuvam
176	Q0	1061204_nation_story_7088830.utf8	78	7.144039	shuvam
176	Q0	en.3.326.273.2009.9.3	79	7.119812	shuvam
176	Q0	1041118_nation_story_4017728.utf8	80	7.096912	shuvam
176	Q0	1041116_nation_story_4009241.utf8	81	7.091607	shuvam
176	Q0	1070104_nation_story_7216938.utf8	82	7.084474	shuvam
176	Q0	1040916_nation_story_3763405.utf8	83	7.079092	shuvam
176	Q0	1101026_nation_story_13101422.utf8	84	7.061146	shuvam
176	Q0	1050817_nation_story_5121696.utf8	85	7.022727	shuvam
176	Q0	1050331_nation_story_4554965.utf8	86	7.022727	shuvam
176	Q0	1090908_nation_story_11464962.utf8	87	7.016395	shuvam
176	Q0	1050215_nation_story_4379277.utf8	88	6.977430	shuvam
176	Q0	1040606_nation_story_3338056.utf8	89	6.973752	shuvam
176	Q0	1070710_nation_story_8039363.utf8	90	6.973752	shuvam
176	Q0	1101203_nation_story_13252855.utf8	91	6.916656	shuvam
176	Q0	1050518_nation_story_4753596.utf8	92	6.916656	shuvam
176	Q0	1041107_nation_story_3975687.utf8	93	6.916656	shuvam
176	Q0	1050324_nation_story_4530648.utf8	94	6.916656	shuvam
176	Q0	1101125_nation_story_13219396.utf8	95	6.910214	shuvam
176	Q0	1050319_nation_story_4510359.utf8	96	6.906827	shuvam
176	Q0	1040812_nation_story_3614453.utf8	97	6.894529	shuvam
176	Q0	1080309_nation_story_8998060.utf8	98	6.857617	shuvam
176	Q0	1050125_nation_story_4295889.utf8	99	6.857617	shuvam
176	Q0	1101128_nation_story_13231218.utf8	100	6.851593	shuvam
177	Q0	1080121_opinion_story_8805414.utf8	1	9.154226	shuvam
177	Q0	1100304_opinion_story_12172188.utf8	2	8.763460	shuvam
177	Q0	1100310_opinion_story_12182164.utf8	3	8.762515	shuvam
177	Q0	1080116_bengal_story_8788613.utf8	4	8.558197	shuvam
177	Q0	1080114_bengal_story_8779798.utf8	5	8.377729	shuvam
177	Q0	1100304_sports_story_12174556.utf8	6	8.327021	shuvam
177	Q0	1080110_frontpage_story_8765534.utf8	7	8.167076	shuvam
177	Q0	1080115_opinion_story_8781002.utf8	8	8.157757	shuvam
177	Q0	1080112_nation_story_8772044.utf8	9	8.148764	shuvam
177	Q0	1080118_nation_story_8797108.utf8	10	7.853765	shuvam
177	Q0	1100303_sports_story_12168468.utf8	11	7.658564	shuvam
177	Q0	1080112_frontpage_story_8773867.utf8	12	7.367631	shuvam
177	Q0	1100121_bengal_story_12010244.utf8	13	7.245593	shuvam
177	Q0	1100122_bengal_story_12014905.utf8	14	7.245593	shuvam
177	Q0	1080117_opinion_story_8782716.utf8	15	7.228373	shuvam
177	Q0	1080116_nation_story_8788479.utf8	16	7.212233	shuvam
177	Q0	1080128_sports_story_8832979.utf8	17	7.175605	shuvam
177	Q0	1080113_nation_story_8776852.utf8	18	7.122805	shuvam
177	Q0	1080207_opinion_story_8831572.utf8	19	7.089231	shuvam
177	Q0	1031101_nation_story_2524011.utf8	20	7.008353	shuvam
177	Q0	1090807_opinion_story_11323902.utf8	21	6.924693	shuvam
177	Q0	1080812_sports_story_9681607.utf8	22	6.810698	shuvam
177	Q0	1030807_calcutta_story_2235387.utf8	23	6.626928	shuvam
177	Q0	1100719_frontpage_story_12700201.utf8	24	6.525746	shuvam
177	Q0	1100928_frontpage_story_129903600.utf8	25	6.345263	shuvam
177	Q0	1030621_nation_story_2089760.utf8	26	6.309663	shuvam
177	Q0	1090703_opinion_story_11174474.utf8	27	6.245423	shuvam
177	Q0	1030815_nation_story_2267370.utf8	28	6.222635	shuvam
177	Q0	1080111_opinion_story_8766805.utf8	29	6.222635	shuvam
177	Q0	1030112_opinion_story_1565164.utf8	30	6.198812	shuvam
177	Q0	1041025_business_story_3921342.utf8	31	6.187549	shuvam
177	Q0	1021101_business_story_1344734.utf8	32	5.991071	shuvam
177	Q0	1080126_frontpage_story_8829130.utf8	33	5.991071	shuvam
177	Q0	1080115_opinion_story_8781586.utf8	34	5.991071	shuvam
177	Q0	1100904_sports_story_12895126.utf8	35	5.991071	shuvam
177	Q0	1070905_frontpage_story_8276152.utf8	36	5.979011	shuvam
177	Q0	1080202_opinion_story_8847855.utf8	37	5.776123	shuvam
177	Q0	1041006_business_story_3846695.utf8	38	5.770325	shuvam
177	Q0	1041216_opinion_story_4128294.utf8	39	5.674332	shuvam
177	Q0	1030322_nation_story_1792738.utf8	40	5.627536	shuvam
177	Q0	1030628_opinion_story_2106513.utf8	41	5.576064	shuvam
177	Q0	1090217_opinion_story_10543198.utf8	42	5.452933	shuvam
177	Q0	1090714_opinion_story_11230292.utf8	43	5.448276	shuvam
177	Q0	1090411_calcutta_story_10806852.utf8	44	5.417686	shuvam
177	Q0	1041212_frontpage_story_4118900.utf8	45	5.398127	shuvam
177	Q0	en.2.319.206.2010.6.8	46	5.332335	shuvam
177	Q0	1100203_opinion_story_12042619.utf8	47	5.300678	shuvam
177	Q0	1080308_calcutta_story_8995239.utf8	48	5.252496	shuvam
177	Q0	1090210_nation_story_10511438.utf8	49	5.201903	shuvam
177	Q0	1100121_bengal_index.utf8	50	5.201903	shuvam
177	Q0	1070908_sports_story_8290665.utf8	51	5.201476	shuvam
177	Q0	1090624_frontpage_story_11151483.utf8	52	5.195906	shuvam
177	Q0	1090730_sports_story_11299858.utf8	53	5.172695	shuvam
177	Q0	1090605_bengal_story_11066266.utf8	54	5.172695	shuvam
177	Q0	1080116_bengal_index.utf8	55	5.160220	shuvam
177	Q0	1021023_calcutta_story_1307076.utf8	56	5.144565	shuvam
177	Q0	1090815_frontpage_story_11364953.utf8	57	5.126889	shuvam
177	Q0	1080114_bengal_index.utf8	58	5.119200	shuvam
177	Q0	1080610_calcutta_story_9386536.utf8	59	5.104289	shuvam
177	Q0	1100122_bengal_index.utf8	60	5.098933	shuvam
177	Q0	1080309_bengal_story_8997962.utf8	61	5.091689	shuvam
177	Q0	1100806_sports_story_12778199.utf8	62	5.091689	shuvam
177	Q0	1100501_calcutta_index.utf8	63	5.028646	shuvam
177	Q0	1030120_opinion_index.utf8	64	5.019445	shuvam
177	Q0	1070220_business_story_7415626.utf8	65	5.013847	shuvam
177	Q0	1080121_opinion_index.utf8	66	4.980624	shuvam
177	Q0	1090606_opinion_story_11067542.utf8	67	4.973194	shuvam
177	Q0	1060426_nation_story_6146404.utf8	68	4.952435	shuvam
177	Q0	1100303_sports_index.utf8	69	4.942399	shuvam
177	Q0	1080805_sports_story_9648277.utf8	70	4.935431	shuvam
177	Q0	1080412_calcutta_story_9126316.utf8	71	4.935431	shuvam
177	Q0	1080417_calcutta_story_9146840.utf8	72	4.935431	shuvam
177	Q0	1100731_sports_story_12753329.utf8	73	4.910316	shuvam
177	Q0	1040501_bengal_story_3195277.utf8	74	4.895948	shuvam
177	Q0	1080418_calcutta_story_9152503.utf8	75	4.880471	shuvam
177	Q0	1030916_opinion_index.utf8	76	4.867681	shuvam
177	Q0	1080113_nation_index.utf8	77	4.867681	shuvam
177	Q0	1080507_calcutta_story_9233680.utf8	78	4.831162	shuvam
177	Q0	1070602_sports_story_7865441.utf8	79	4.819530	shuvam
177	Q0	1080212_nation_story_8892327.utf8	80	4.795189	shuvam
177	Q0	1080207_opinion_index.utf8	81	4.795189	shuvam
177	Q0	1100707_frontpage_story_126550740.utf8	82	4.795189	shuvam
177	Q0	1041216_opinion_index.utf8	83	4.795189	shuvam
177	Q0	1030811_sports_story_2253470.utf8	84	4.789627	shuvam
177	Q0	1101029_opinion_story_13110872.utf8	85	4.764833	shuvam
177	Q0	en.15.250.174.2008.3.16	86	4.751150	shuvam
177	Q0	1061114_nation_story_6998265.utf8	87	4.724824	shuvam
177	Q0	1041212_nation_story_4118873.utf8	88	4.724824	shuvam
177	Q0	1100303_sports_story_12170130.utf8	89	4.724824	shuvam
177	Q0	1101224_sports_story_13342847.utf8	90	4.724824	shuvam
177	Q0	1071029_calcutta_story_8484825.utf8	91	4.703948	shuvam
177	Q0	1030810_sports_story_2250982.utf8	92	4.656654	shuvam
177	Q0	1080110_frontpage_index.utf8	93	4.656495	shuvam
177	Q0	1050728_calcutta_story_5040813.utf8	94	4.642816	shuvam
177	Q0	en.3.347.167.2010.2.2	95	4.638002	shuvam
177	Q0	1090726_sports_story_11282880.utf8	96	4.638002	shuvam
177	Q0	1090226_opinion_story_10578603.utf8	97	4.615942	shuvam
177	Q0	1101115_calcutta_story_13177244.utf8	98	4.615868	shuvam
177	Q0	1081214_calcutta_story_10246354.utf8	99	4.610612	shuvam
177	Q0	1091031_opinion_story_11671011.utf8	100	4.594355	shuvam
178	Q0	1091104_nation_story_11694316.utf8	1	6.628994	shuvam
178	Q0	1100220_nation_story_12127477.utf8	2	5.193680	shuvam
178	Q0	1101016_frontpage_story_13064244.utf8	3	5.013126	shuvam
178	Q0	1091104_nation_story_11694480.utf8	4	4.903736	shuvam
178	Q0	1030207_business_story_1647196.utf8	5	3.210008	shuvam
178	Q0	en.15.67.487.2008.5.18	6	3.199723	shuvam
178	Q0	1101007_opinion_story_12987186.utf8	7	3.178133	shuvam
178	Q0	1071203_business_story_8621093.utf8	8	3.147323	shuvam
178	Q0	1071119_business_story_8564294.utf8	9	3.143717	shuvam
178	Q0	1071027_business_story_8479297.utf8	10	3.124274	shuvam
178	Q0	1060212_opinion_story_5835097.utf8	11	3.119915	shuvam
178	Q0	1050101_business_story_4197474.utf8	12	3.116788	shuvam
178	Q0	1040823_business_story_3662705.utf8	13	3.115790	shuvam
178	Q0	1070702_business_story_8003722.utf8	14	3.108616	shuvam
178	Q0	1100424_frontpage_story_12375612.utf8	15	3.082593	shuvam
178	Q0	1040114_nation_story_2783640.utf8	16	3.081801	shuvam
178	Q0	1060522_calcutta_story_6235558.utf8	17	3.080887	shuvam
178	Q0	1040719_business_story_3512906.utf8	18	3.075250	shuvam
178	Q0	1080714_nation_story_9544656.utf8	19	3.075238	shuvam
178	Q0	1021015_opinion_story_1292418.utf8	20	3.066102	shuvam
178	Q0	1021220_business_story_1499134.utf8	21	3.066085	shuvam
178	Q0	1090815_business_story_11364793.utf8	22	3.058221	shuvam
178	Q0	1061204_business_story_7088535.utf8	23	3.056068	shuvam
178	Q0	1090821_nation_story_11390405.utf8	24	3.054752	shuvam
178	Q0	1080107_business_story_8751230.utf8	25	3.054752	shuvam
178	Q0	1040112_business_story_2776566.utf8	26	3.053707	shuvam
178	Q0	1080103_business_story_8737023.utf8	27	3.052830	shuvam
178	Q0	1080414_business_story_9135624.utf8	28	3.050996	shuvam
178	Q0	1021107_business_story_1361874.utf8	29	3.049471	shuvam
178	Q0	1040304_business_story_2965534.utf8	30	3.049263	shuvam
178	Q0	1060925_business_story_6789932.utf8	31	3.046179	shuvam
178	Q0	1090315_nation_story_10672472.utf8	32	3.043485	shuvam
178	Q0	1030929_business_story_2411861.utf8	33	3.039006	shuvam
178	Q0	1080909_nation_story_9807564.utf8	34	3.038993	shuvam
178	Q0	1040531_business_story_3312216.utf8	35	3.037357	shuvam
178	Q0	1021012_business_story_1285507.utf8	36	3.036440	shuvam
178	Q0	1090427_business_story_10881842.utf8	37	3.034231	shuvam
178	Q0	1080725_nation_story_9597471.utf8	38	3.031833	shuvam
178	Q0	1021206_business_story_1454162.utf8	39	3.029248	shuvam
178	Q0	1090727_business_story_11286405.utf8	40	3.025280	shuvam
178	Q0	1060814_business_story_6609589.utf8	41	3.023724	shuvam
178	Q0	1081205_business_story_10209222.utf8	42	3.022377	shuvam
178	Q0	1020902_opinion_story_1155723.utf8	43	3.021199	shuvam
178	Q0	1060925_business_story_6789954.utf8	44	3.021199	shuvam
178	Q0	1091228_nation_story_11915162.utf8	45	3.021182	shuvam
178	Q0	1080603_business_story_9356443.utf8	46	3.021182	shuvam
178	Q0	1070115_business_story_7263914.utf8	47	3.021182	shuvam
178	Q0	1060711_business_story_6461920.utf8	48	3.021182	shuvam
178	Q0	1100719_business_story_12699932.utf8	49	3.020161	shuvam
178	Q0	1031112_frontpage_story_2562819.utf8	50	3.013159	shuvam
178	Q0	1080704_nation_story_9500445.utf8	51	3.013159	shuvam
178	Q0	1020901_business_story_1156616.utf8	52	3.012363	shuvam
178	Q0	1020907_business_story_1176382.utf8	53	3.012363	shuvam
178	Q0	1021029_business_story_1334708.utf8	54	3.012363	shuvam
178	Q0	1050803_business_story_5066881.utf8	55	3.012363	shuvam
178	Q0	1080402_nation_story_9085736.utf8	56	3.011691	shuvam
178	Q0	1031021_opinion_story_2404391.utf8	57	3.011114	shuvam
178	Q0	1060408_business_story_6072901.utf8	58	3.005332	shuvam
178	Q0	1030123_nation_story_1600095.utf8	59	3.005178	shuvam
178	Q0	1020901_frontpage_story_1157156.utf8	60	2.999237	shuvam
178	Q0	1081208_business_story_10221313.utf8	61	2.998944	shuvam
178	Q0	1090102_nation_story_10332430.utf8	62	2.997772	shuvam
178	Q0	1090729_nation_story_11295524.utf8	63	2.997772	shuvam
178	Q0	1081224_nation_story_10295923.utf8	64	2.997772	shuvam
178	Q0	1071003_nation_story_8389683.utf8	65	2.997772	shuvam
178	Q0	1090530_nation_story_11037629.utf8	66	2.997240	shuvam
178	Q0	1040528_frontpage_story_3302674.utf8	67	2.997240	shuvam
178	Q0	1050125_nation_story_4295863.utf8	68	2.997240	shuvam
178	Q0	1060810_business_story_6592884.utf8	69	2.997240	shuvam
178	Q0	1100512_nation_story_12439752.utf8	70	2.996601	shuvam
178	Q0	1080226_business_story_8949881.utf8	71	2.995821	shuvam
178	Q0	1050213_nation_story_4372799.utf8	72	2.984016	shuvam
178	Q0	1030304_nation_story_1732415.utf8	73	2.983322	shuvam
178	Q0	1070101_business_story_7206994.utf8	74	2.983322	shuvam
178	Q0	1030513_nation_story_1964241.utf8	75	2.981488	shuvam
178	Q0	1030725_nation_story_2198420.utf8	76	2.981488	shuvam
178	Q0	1090116_frontpage_story_10398077.utf8	77	2.981488	shuvam
178	Q0	1090613_nation_story_11104849.utf8	78	2.981488	shuvam
178	Q0	1050526_nation_story_4787608.utf8	79	2.979290	shuvam
178	Q0	1060731_business_story_6548888.utf8	80	2.979290	shuvam
178	Q0	1090608_business_story_11079141.utf8	81	2.977592	shuvam
178	Q0	1051219_business_story_5617639.utf8	82	2.977592	shuvam
178	Q0	1090320_business_story_10696863.utf8	83	2.976609	shuvam
178	Q0	1031104_business_story_2533166.utf8	84	2.976609	shuvam
178	Q0	1050124_business_story_4290853.utf8	85	2.976609	shuvam
178	Q0	1041001_business_story_3826744.utf8	86	2.976609	shuvam
178	Q0	1090907_business_story_11460217.utf8	87	2.973908	shuvam
178	Q0	1071217_business_story_8678029.utf8	88	2.973908	shuvam
178	Q0	1060222_business_story_5879712.utf8	89	2.973264	shuvam
178	Q0	1090814_frontpage_story_11360866.utf8	90	2.971645	shuvam
178	Q0	1060913_business_story_6738679.utf8	91	2.971645	shuvam
178	Q0	1041029_nation_story_3938846.utf8	92	2.970710	shuvam
178	Q0	1070929_nation_story_8375186.utf8	93	2.970710	shuvam
178	Q0	1040116_nation_story_2790696.utf8	94	2.969009	shuvam
178	Q0	1060524_nation_story_6262371.utf8	95	2.969009	shuvam
178	Q0	1080708_frontpage_story_9516927.utf8	96	2.967095	shuvam
178	Q0	1090818_nation_story_11372691.utf8	97	2.965901	shuvam
178	Q0	1050418_bengal_story_4628992.utf8	98	2.965901	shuvam
178	Q0	1020907_business_story_1175957.utf8	99	2.962179	shuvam
178	Q0	1081029_frontpage_story_10027907.utf8	100	2.962179	shuvam
179	Q0	1040910_foreign_story_3740700.utf8	1	9.167666	shuvam
179	Q0	1040912_foreign_story_3747977.utf8	2	8.211171	shuvam
179	Q0	1050120_foreign_story_4275923.utf8	3	7.829242	shuvam
179	Q0	1040911_foreign_story_3744749.utf8	4	7.577534	shuvam
179	Q0	en.15.94.34.2008.11.4	5	7.543671	shuvam
179	Q0	1040910_foreign_story_3740475.utf8	6	7.518902	shuvam
179	Q0	en.15.123.87.2009.5.10	7	7.402792	shuvam
179	Q0	en.15.248.358.2008.3.6	8	7.243739	shuvam
179	Q0	1040918_foreign_story_3773154.utf8	9	6.987980	shuvam
179	Q0	1040910_foreign_story_3740474.utf8	10	6.962468	shuvam
179	Q0	en.3.378.430.2007.7.8	11	6.852115	shuvam
179	Q0	en.3.397.167.2007.10.12	12	6.772611	shuvam
179	Q0	en.3.322.142.2009.8.8	13	6.730459	shuvam
179	Q0	en.3.322.321.2009.8.8	14	6.698585	shuvam
179	Q0	en.15.234.69.2008.1.15	15	6.661925	shuvam
179	Q0	1040910_foreign_index.utf8	16	6.599342	shuvam
179	Q0	1030807_foreign_story_2241516.utf8	17	6.583934	shuvam
179	Q0	en.15.87.137.2008.10.1	18	6.575439	shuvam
179	Q0	1091009_nation_story_11594134.utf8	19	6.575302	shuvam
179	Q0	en.15.117.173.2009.2.23	20	6.508296	shuvam
179	Q0	en.15.135.32.2009.7.17	21	6.484125	shuvam
179	Q0	en.13.31.158.2009.12.31	22	6.475632	shuvam
179	Q0	en.3.356.356.2010.4.4	23	6.466195	shuvam
179	Q0	en.15.85.345.2008.9.17	24	6.406333	shuvam
179	Q0	1030517_foreign_story_1977606.utf8	25	6.400842	shuvam
179	Q0	en.15.95.408.2008.11.12	26	6.370840	shuvam
179	Q0	en.15.85.8.2008.9.22	27	6.350461	shuvam
179	Q0	en.15.212.411.2007.10.9	28	6.337817	shuvam
179	Q0	1030806_foreign_story_2237852.utf8	29	6.255864	shuvam
179	Q0	en.15.69.365.2008.6.2	30	6.250614	shuvam
179	Q0	en.15.212.314.2007.10.8	31	6.244006	shuvam
179	Q0	1080603_foreign_story_9357025.utf8	32	6.236887	shuvam
179	Q0	en.13.55.193.2010.5.22	33	6.214867	shuvam
179	Q0	en.15.231.385.2008.1.2	34	6.202687	shuvam
179	Q0	en.15.63.190.2008.4.24	35	6.142406	shuvam
179	Q0	en.15.188.363.2007.6.4	36	6.133916	shuvam
179	Q0	en.15.231.347.2008.1.2	37	6.130342	shuvam
179	Q0	1021020_foreign_story_1307579.utf8	38	6.125519	shuvam
179	Q0	en.3.331.453.2009.10.8	39	6.103567	shuvam
179	Q0	1060615_foreign_story_6354780.utf8	40	6.102789	shuvam
179	Q0	en.15.98.152.2008.11.27	41	6.076905	shuvam
179	Q0	en.15.188.300.2007.6.4	42	6.027133	shuvam
179	Q0	en.15.85.200.2008.9.20	43	5.992240	shuvam
179	Q0	en.3.348.194.1970.1.1	44	5.957027	shuvam
179	Q0	en.15.190.459.2007.6.13	45	5.957027	shuvam
179	Q0	en.3.331.449.2009.10.8	46	5.955544	shuvam
179	Q0	1040915_sports_story_3759844.utf8	47	5.927284	shuvam
179	Q0	en.3.373.117.2007.6.10	48	5.918175	shuvam
179	Q0	en.3.373.228.2007.6.10	49	5.918175	shuvam
179	Q0	en.2.283.443.2009.9.29	50	5.913546	shuvam
179	Q0	en.15.135.79.2009.7.17	51	5.906974	shuvam
179	Q0	en.15.106.383.2009.1.24	52	5.876985	shuvam
179	Q0	1060913_foreign_index.utf8	53	5.872858	shuvam
179	Q0	1080316_foreign_story_9025961.utf8	54	5.866594	shuvam
179	Q0	en.3.322.32.2009.8.9	55	5.855944	shuvam
179	Q0	1080603_foreign_story_9356854.utf8	56	5.847024	shuvam
179	Q0	1080708_frontpage_story_9519558.utf8	57	5.840448	shuvam
179	Q0	en.15.236.305.2008.1.20	58	5.833881	shuvam
179	Q0	1060723_bengal_story_6514296.utf8	59	5.829309	shuvam
179	Q0	1040916_sports_story_3764152.utf8	60	5.826599	shuvam
179	Q0	en.15.102.118.2008.12.23	61	5.824056	shuvam
179	Q0	en.15.135.6.2009.7.17	62	5.813394	shuvam
179	Q0	en.13.31.322.2010.1.3	63	5.787809	shuvam
179	Q0	en.15.135.487.2009.7.17	64	5.780068	shuvam
179	Q0	en.3.380.221.2007.7.17	65	5.774915	shuvam
179	Q0	en.15.70.367.2008.6.7	66	5.768916	shuvam
179	Q0	1040731_foreign_story_3565612.utf8	67	5.764427	shuvam
179	Q0	1040911_foreign_index.utf8	68	5.761539	shuvam
179	Q0	en.15.78.92.2008.7.31	69	5.752312	shuvam
179	Q0	en.15.85.13.2008.9.19	70	5.752061	shuvam
179	Q0	en.15.82.396.2008.8.30	71	5.739232	shuvam
179	Q0	en.15.254.419.2008.3.27	72	5.708210	shuvam
179	Q0	en.15.85.386.2008.9.18	73	5.687800	shuvam
179	Q0	en.15.123.370.2009.5.9	74	5.666122	shuvam
179	Q0	1080918_foreign_story_9850784.utf8	75	5.665450	shuvam
179	Q0	en.15.106.471.2009.1.27	76	5.663731	shuvam
179	Q0	1030521_foreign_story_1990209.utf8	77	5.663731	shuvam
179	Q0	en.15.74.425.2008.7.7	78	5.645490	shuvam
179	Q0	1030808_foreign_story_2244667.utf8	79	5.639411	shuvam
179	Q0	1100526_foreign_story_12488794.utf8	80	5.639411	shuvam
179	Q0	en.3.331.432.2009.10.8	81	5.604042	shuvam
179	Q0	en.15.125.59.2009.5.21	82	5.593999	shuvam
179	Q0	1031125_foreign_story_2609694.utf8	83	5.589886	shuvam
179	Q0	en.3.331.149.2009.10.9	84	5.588143	shuvam
179	Q0	1080713_opinion_story_9531307.utf8	85	5.585536	shuvam
179	Q0	en.3.403.75.2007.11.5	86	5.582078	shuvam
179	Q0	en.3.419.212.2008.1.19	87	5.580752	shuvam
179	Q0	en.15.75.493.2008.7.8	88	5.565480	shuvam
179	Q0	1060211_foreign_story_5832709.utf8	89	5.565480	shuvam
179	Q0	1031226_foreign_story_2720569.utf8	90	5.552540	shuvam
179	Q0	en.15.85.309.2008.9.17	91	5.549357	shuvam
179	Q0	en.15.242.428.2008.2.13	92	5.543861	shuvam
179	Q0	1080116_foreign_story_8788013.utf8	93	5.538066	shuvam
179	Q0	1030516_foreign_story_1974474.utf8	94	5.534268	shuvam
179	Q0	en.15.139.53.2009.8.11	95	5.503064	shuvam
179	Q0	1031112_foreign_story_2562592.utf8	96	5.496566	shuvam
179	Q0	en.15.242.119.2008.2.13	97	5.485630	shuvam
179	Q0	1100104_foreign_story_11938739.utf8	98	5.480079	shuvam
179	Q0	1050929_foreign_story_5297907.utf8	99	5.466475	shuvam
179	Q0	en.15.247.121.2008.3.5	100	5.460627	shuvam
180	Q0	en.15.231.148.2008.1.1	1	7.458678	shuvam
180	Q0	1030915_opinion_story_2367672.utf8	2	6.839240	shuvam
180	Q0	en.15.231.138.2007.12.31	3	6.530175	shuvam
180	Q0	en.15.231.266.2008.1.1	4	6.306372	shuvam
180	Q0	en.13.53.440.2010.5.13	5	6.193593	shuvam
180	Q0	1050808_opinion_story_5065203.utf8	6	5.984102	shuvam
180	Q0	en.15.215.230.2007.10.22	7	5.927329	shuvam
180	Q0	1030610_foreign_story_2053715.utf8	8	5.887227	shuvam
180	Q0	en.15.160.7.2010.1.16	9	5.727984	shuvam
180	Q0	1101117_foreign_story_13186402.utf8	10	5.703474	shuvam
180	Q0	en.15.209.155.2007.9.25	11	5.660498	shuvam
180	Q0	en.13.55.88.2010.5.21	12	5.641695	shuvam
180	Q0	1030417_foreign_story_1881547.utf8	13	5.610137	shuvam
180	Q0	1031112_sports_story_2560698.utf8	14	5.517301	shuvam
180	Q0	en.3.361.206.2010.4.26	15	5.361255	shuvam
180	Q0	en.15.77.320.2008.7.24	16	5.355992	shuvam
180	Q0	en.15.209.22.2007.9.25	17	5.287471	shuvam
180	Q0	1041225_business_story_4171849.utf8	18	5.186759	shuvam
180	Q0	en.15.231.256.2008.1.1	19	5.179999	shuvam
180	Q0	en.3.398.7.2007.10.19	20	5.162163	shuvam
180	Q0	en.3.410.67.2007.12.7	21	5.152798	shuvam
180	Q0	1050705_business_story_4949700.utf8	22	5.124731	shuvam
180	Q0	en.15.248.198.2008.3.9	23	5.119296	shuvam
180	Q0	en.15.254.361.2008.3.29	24	5.069313	shuvam
180	Q0	1100511_opinion_story_12422855.utf8	25	5.039843	shuvam
180	Q0	en.3.361.233.2010.4.27	26	5.026894	shuvam
180	Q0	1030609_opinion_story_2032696.utf8	27	5.019197	shuvam
180	Q0	en.15.247.304.2008.3.4	28	4.920531	shuvam
180	Q0	1070504_business_story_7732357.utf8	29	4.865150	shuvam
180	Q0	en.13.59.165.2010.6.9	30	4.857866	shuvam
180	Q0	1040612_sports_story_3361993.utf8	31	4.856177	shuvam
180	Q0	en.3.414.176.2007.12.26	32	4.810682	shuvam
180	Q0	en.15.65.224.2008.5.7	33	4.790461	shuvam
180	Q0	1100414_opinion_story_12336997.utf8	34	4.754199	shuvam
180	Q0	1050108_nation_story_4228068.utf8	35	4.701234	shuvam
180	Q0	en.15.82.24.2008.9.4	36	4.681027	shuvam
180	Q0	en.3.363.384.2010.5.8	37	4.671918	shuvam
180	Q0	en.3.343.360.2010.1.13	38	4.665897	shuvam
180	Q0	en.15.85.127.2008.9.21	39	4.655894	shuvam
180	Q0	1040826_sports_story_3676839.utf8	40	4.653205	shuvam
180	Q0	1030106_opinion_story_1536770.utf8	41	4.645082	shuvam
180	Q0	en.3.363.304.2010.5.10	42	4.640583	shuvam
180	Q0	en.15.244.115.2008.2.23	43	4.632806	shuvam
180	Q0	en.3.374.303.2007.6.14	44	4.565901	shuvam
180	Q0	en.15.172.246.2010.3.26	45	4.549760	shuvam
180	Q0	en.15.73.287.2008.6.25	46	4.521082	shuvam
180	Q0	en.15.255.60.2008.4.4	47	4.521082	shuvam
180	Q0	en.15.215.260.2007.10.22	48	4.521082	shuvam
180	Q0	en.2.262.342.2009.5.13	49	4.519325	shuvam
180	Q0	1100517_opinion_story_12452571.utf8	50	4.515765	shuvam
180	Q0	1100629_opinion_story_12622689.utf8	51	4.514652	shuvam
180	Q0	1030912_frontpage_story_2358452.utf8	52	4.512976	shuvam
180	Q0	en.15.250.72.2008.3.13	53	4.509514	shuvam
180	Q0	en.2.319.370.2010.6.5	54	4.502076	shuvam
180	Q0	en.15.240.193.2008.2.8	55	4.486306	shuvam
180	Q0	en.15.209.340.2007.9.19	56	4.483832	shuvam
180	Q0	en.15.225.212.2007.12.3	57	4.478647	shuvam
180	Q0	1100517_opinion_story_12452515.utf8	58	4.476652	shuvam
180	Q0	1040630_sports_story_3435935.utf8	59	4.474642	shuvam
180	Q0	en.3.355.297.2010.3.25	60	4.470902	shuvam
180	Q0	en.3.361.277.2010.5.1	61	4.470902	shuvam
180	Q0	en.13.51.174.2010.5.3	62	4.470175	shuvam
180	Q0	1050104_business_story_4209308.utf8	63	4.461745	shuvam
180	Q0	en.13.45.315.2010.3.25	64	4.452192	shuvam
180	Q0	1100521_opinion_story_12469773.utf8	65	4.443982	shuvam
180	Q0	1040705_frontpage_story_3455936.utf8	66	4.438393	shuvam
180	Q0	en.3.401.18.2007.10.30	67	4.429076	shuvam
180	Q0	1060613_business_story_6345764.utf8	68	4.427590	shuvam
180	Q0	en.15.250.362.2008.3.14	69	4.427489	shuvam
180	Q0	en.15.111.445.2009.3.20	70	4.425316	shuvam
180	Q0	1101101_frontpage_story_13125414.utf8	71	4.423327	shuvam
180	Q0	1021223_foreign_story_1508585.utf8	72	4.410826	shuvam
180	Q0	en.3.358.371.2010.4.12	73	4.405956	shuvam
180	Q0	1051028_nation_story_5408464.utf8	74	4.405449	shuvam
180	Q0	1041221_frontpage_story_4155607.utf8	75	4.404387	shuvam
180	Q0	en.15.250.152.2008.3.14	76	4.403668	shuvam
180	Q0	en.15.254.287.2008.3.27	77	4.401218	shuvam
180	Q0	en.3.401.206.2007.10.30	78	4.393509	shuvam
180	Q0	en.3.354.142.2010.3.18	79	4.380862	shuvam
180	Q0	en.15.181.143.2010.5.18	80	4.380862	shuvam
180	Q0	en.15.70.304.2008.6.7	81	4.380024	shuvam
180	Q0	en.13.51.130.2010.5.2	82	4.372582	shuvam
180	Q0	en.15.179.265.2010.5.5	83	4.368147	shuvam
180	Q0	en.3.363.29.2010.5.7	84	4.352831	shuvam
180	Q0	1021204_opinion_story_1444926.utf8	85	4.350179	shuvam
180	Q0	en.15.71.431.2008.6.13	86	4.347399	shuvam
180	Q0	en.15.100.311.2008.12.13	87	4.346568	shuvam
180	Q0	en.2.319.142.2010.6.7	88	4.343617	shuvam
180	Q0	1040701_sports_story_3440791.utf8	89	4.342924	shuvam
180	Q0	1050325_business_story_4535932.utf8	90	4.337986	shuvam
180	Q0	en.15.114.242.2009.3.6	91	4.334269	shuvam
180	Q0	1030915_foreign_story_2367221.utf8	92	4.320259	shuvam
180	Q0	1050604_foreign_story_4825272.utf8	93	4.308399	shuvam
180	Q0	1070829_business_story_8248844.utf8	94	4.292406	shuvam
180	Q0	en.3.361.356.2010.4.30	95	4.291092	shuvam
180	Q0	en.15.117.189.2009.2.24	96	4.289362	shuvam
180	Q0	en.15.238.255.2008.1.31	97	4.277980	shuvam
180	Q0	1101122_business_story_13205430.utf8	98	4.277502	shuvam
180	Q0	en.15.241.41.2008.2.11	99	4.273648	shuvam
180	Q0	1061018_foreign_story_6885435.utf8	100	4.271670	shuvam
181	Q0	1100723_sports_story_12716823.utf8	1	9.711700	shuvam
181	Q0	en.3.381.400.2007.7.21	2	9.095803	shuvam
181	Q0	en.3.354.61.2010.3.18	3	9.066428	shuvam
181	Q0	1061227_sports_story_7188927.utf8	4	9.014805	shuvam
181	Q0	en.15.225.450.2007.12.3	5	9.014465	shuvam
181	Q0	1070715_sports_story_8061469.utf8	6	8.999590	shuvam
181	Q0	1040314_sports_story_3002199.utf8	7	8.977094	shuvam
181	Q0	1080118_sports_story_8797022.utf8	8	8.713451	shuvam
181	Q0	1070102_sports_story_7210384.utf8	9	8.550181	shuvam
181	Q0	1070106_sports_story_7227254.utf8	10	8.524418	shuvam
181	Q0	1040513_sports_story_3240457.utf8	11	8.449124	shuvam
181	Q0	1091122_sports_story_11771236.utf8	12	8.395504	shuvam
181	Q0	1040919_sports_story_3776331.utf8	13	8.263667	shuvam
181	Q0	1080326_sports_story_9058474.utf8	14	8.251638	shuvam
181	Q0	en.3.379.287.2007.7.9	15	8.169621	shuvam
181	Q0	1070902_sports_story_8265935.utf8	16	8.142975	shuvam
181	Q0	1070722_sports_story_8091014.utf8	17	8.125635	shuvam
181	Q0	1040105_sports_story_2752590.utf8	18	8.116149	shuvam
181	Q0	1061222_sports_story_7171867.utf8	19	7.952727	shuvam
181	Q0	1070625_sports_story_7970527.utf8	20	7.801806	shuvam
181	Q0	1100718_sports_story_12697347.utf8	21	7.771449	shuvam
181	Q0	1080326_frontpage_story_9058282.utf8	22	7.759412	shuvam
181	Q0	1100731_sports_story_12753424.utf8	23	7.738147	shuvam
181	Q0	1040706_sports_story_3459303.utf8	24	7.718668	shuvam
181	Q0	1040714_sports_story_3492919.utf8	25	7.708025	shuvam
181	Q0	1070331_sports_story_7588944.utf8	26	7.660245	shuvam
181	Q0	1100707_sports_story_12654941.utf8	27	7.612961	shuvam
181	Q0	1081103_sports_story_10055968.utf8	28	7.611033	shuvam
181	Q0	1050602_sports_story_4816654.utf8	29	7.589345	shuvam
181	Q0	en.3.357.124.2010.4.5	30	7.582351	shuvam
181	Q0	1060803_sports_story_6562473.utf8	31	7.552915	shuvam
181	Q0	1080809_sports_story_9667887.utf8	32	7.547662	shuvam
181	Q0	en.15.196.344.2007.7.14	33	7.541480	shuvam
181	Q0	1081103_frontpage_story_10055856.utf8	34	7.522282	shuvam
181	Q0	en.15.246.358.2008.2.28	35	7.514557	shuvam
181	Q0	en.3.380.5.2007.7.19	36	7.509702	shuvam
181	Q0	en.15.162.228.1970.1.1	37	7.505408	shuvam
181	Q0	en.15.147.213.2009.10.4	38	7.499642	shuvam
181	Q0	1081103_sports_story_10055534.utf8	39	7.497850	shuvam
181	Q0	1080102_sports_story_8734127.utf8	40	7.495713	shuvam
181	Q0	en.15.128.351.2009.6.5	41	7.478804	shuvam
181	Q0	1030103_sports_story_1539235.utf8	42	7.470616	shuvam
181	Q0	1070813_sports_story_8186305.utf8	43	7.460977	shuvam
181	Q0	1060920_sports_story_6769503.utf8	44	7.452680	shuvam
181	Q0	1100728_opinion_story_12729371.utf8	45	7.438202	shuvam
181	Q0	1100814_opinion_story_12790255.utf8	46	7.413216	shuvam
181	Q0	1091224_sports_story_11901279.utf8	47	7.391456	shuvam
181	Q0	1031204_sports_story_2641819.utf8	48	7.387988	shuvam
181	Q0	1091206_sports_story_11828900.utf8	49	7.379702	shuvam
181	Q0	1100722_sports_story_12712488.utf8	50	7.378751	shuvam
181	Q0	1040605_sports_story_3335064.utf8	51	7.369216	shuvam
181	Q0	1061227_sports_story_7188926.utf8	52	7.354047	shuvam
181	Q0	1100124_sports_story_12022954.utf8	53	7.343544	shuvam
181	Q0	1030123_sports_story_1600664.utf8	54	7.343340	shuvam
181	Q0	1070330_sports_story_7584778.utf8	55	7.318653	shuvam
181	Q0	1041222_opinion_story_4153323.utf8	56	7.294125	shuvam
181	Q0	1100402_sports_story_12295016.utf8	57	7.293955	shuvam
181	Q0	en.15.118.264.2009.4.4	58	7.289803	shuvam
181	Q0	1030825_sports_story_2297554.utf8	59	7.284038	shuvam
181	Q0	1100120_sports_story_12006334.utf8	60	7.274764	shuvam
181	Q0	1051229_sports_story_5657404.utf8	61	7.271090	shuvam
181	Q0	1060714_opinion_story_6474047.utf8	62	7.259896	shuvam
181	Q0	1080722_sports_story_9583282.utf8	63	7.259752	shuvam
181	Q0	1100215_sports_story_12106068.utf8	64	7.258740	shuvam
181	Q0	1071222_opinion_story_8678910.utf8	65	7.253057	shuvam
181	Q0	1060309_sports_story_5944147.utf8	66	7.244806	shuvam
181	Q0	1100726_sports_story_12726848.utf8	67	7.243030	shuvam
181	Q0	1021224_sports_story_1509671.utf8	68	7.239973	shuvam
181	Q0	1041227_sports_story_4179065.utf8	69	7.235359	shuvam
181	Q0	1030728_sports_story_2207531.utf8	70	7.227128	shuvam
181	Q0	1021023_sports_story_1316719.utf8	71	7.224535	shuvam
181	Q0	1101114_sports_story_13175019.utf8	72	7.217390	shuvam
181	Q0	1030309_sports_story_1748508.utf8	73	7.217347	shuvam
181	Q0	en.15.135.354.2009.7.20	74	7.216725	shuvam
181	Q0	en.15.71.242.2008.6.13	75	7.211060	shuvam
181	Q0	1030806_sports_story_2238027.utf8	76	7.205492	shuvam
181	Q0	1081020_sports_story_9992671.utf8	77	7.205203	shuvam
181	Q0	1091130_sports_story_11801835.utf8	78	7.200115	shuvam
181	Q0	en.15.102.188.2008.12.24	79	7.198924	shuvam
181	Q0	1090322_sports_story_10706583.utf8	80	7.198362	shuvam
181	Q0	1071127_sports_story_8597233.utf8	81	7.192036	shuvam
181	Q0	en.15.93.451.2008.11.3	82	7.190238	shuvam
181	Q0	1100714_sports_story_12681767.utf8	83	7.190177	shuvam
181	Q0	1101224_sports_story_13342924.utf8	84	7.189781	shuvam
181	Q0	1070625_sports_story_7969948.utf8	85	7.188737	shuvam
181	Q0	1101226_sports_story_13350910.utf8	86	7.186907	shuvam
181	Q0	1061108_sports_story_6973699.utf8	87	7.181400	shuvam
181	Q0	1081106_sports_story_10070851.utf8	88	7.177551	shuvam
181	Q0	1030201_sports_story_1629312.utf8	89	7.175893	shuvam
181	Q0	en.2.291.204.2009.12.3	90	7.163768	shuvam
181	Q0	1030529_sports_story_2015706.utf8	91	7.160143	shuvam
181	Q0	1101221_sports_story_13327718.utf8	92	7.156239	shuvam
181	Q0	1071126_sports_story_8592866.utf8	93	7.154980	shuvam
181	Q0	1081212_sports_story_10241208.utf8	94	7.152570	shuvam
181	Q0	1050426_sports_story_4662130.utf8	95	7.148299	shuvam
181	Q0	en.15.246.414.2008.2.28	96	7.147868	shuvam
181	Q0	1091203_sports_story_11814649.utf8	97	7.146958	shuvam
181	Q0	1040107_frontpage_story_2760695.utf8	98	7.146818	shuvam
181	Q0	1070715_sports_story_8061118.utf8	99	7.142730	shuvam
181	Q0	1061004_sports_story_6824797.utf8	100	7.139860	shuvam
182	Q0	1060908_opinion_story_6703090.utf8	1	11.819813	shuvam
182	Q0	1090228_frontpage_story_10604166.utf8	2	11.651700	shuvam
182	Q0	1070114_foreign_story_7260269.utf8	3	11.641787	shuvam
182	Q0	1060913_foreign_story_6738840.utf8	4	11.542459	shuvam
182	Q0	1060905_frontpage_story_6701243.utf8	5	10.768032	shuvam
182	Q0	en.3.419.328.2008.1.17	6	9.752127	shuvam
182	Q0	en.3.401.315.2007.10.29	7	9.728732	shuvam
182	Q0	1060917_calcutta_story_6755312.utf8	8	9.632137	shuvam
182	Q0	en.15.194.19.2007.7.1	9	9.391178	shuvam
182	Q0	en.3.419.254.2008.1.17	10	9.325125	shuvam
182	Q0	en.3.419.208.2008.1.19	11	8.513316	shuvam
182	Q0	en.15.245.437.2008.2.25	12	8.269782	shuvam
182	Q0	1060918_nation_story_6759674.utf8	13	8.094551	shuvam
182	Q0	en.15.234.435.2008.1.16	14	7.822252	shuvam
182	Q0	1060918_nation_index.utf8	15	7.521874	shuvam
182	Q0	en.15.102.309.2008.12.28	16	7.449191	shuvam
182	Q0	en.15.236.242.2008.1.22	17	7.377899	shuvam
182	Q0	en.15.239.62.2008.2.2	18	6.792809	shuvam
182	Q0	1070620_nation_index.utf8	19	6.789788	shuvam
182	Q0	en.3.419.31.2008.1.18	20	6.675173	shuvam
182	Q0	1060918_nation_story_6759733.utf8	21	6.551042	shuvam
182	Q0	en.15.114.199.2009.3.5	22	6.272631	shuvam
182	Q0	1051114_business_story_5474025.utf8	23	6.166296	shuvam
182	Q0	1051116_foreign_story_5482716.utf8	24	6.056042	shuvam
182	Q0	en.15.248.147.2008.3.7	25	5.962364	shuvam
182	Q0	en.15.102.331.2008.12.27	26	5.916604	shuvam
182	Q0	1060913_foreign_index.utf8	27	5.871541	shuvam
182	Q0	en.15.82.380.2008.8.29	28	5.849728	shuvam
182	Q0	en.15.82.61.2008.8.29	29	5.849728	shuvam
182	Q0	1060908_opinion_index.utf8	30	5.740378	shuvam
182	Q0	1090228_frontpage_index.utf8	31	5.656143	shuvam
182	Q0	1070114_foreign_index.utf8	32	5.656143	shuvam
182	Q0	en.15.103.232.2009.1.3	33	5.574345	shuvam
182	Q0	1070620_nation_story_7947242.utf8	34	5.494879	shuvam
182	Q0	1090105_opinion_story_10334698.utf8	35	5.435740	shuvam
182	Q0	1070620_frontpage_story_7947100.utf8	36	5.269518	shuvam
182	Q0	1080915_nation_story_9835739.utf8	37	5.241023	shuvam
182	Q0	1030609_foreign_story_2050330.utf8	38	5.160382	shuvam
182	Q0	en.15.232.431.2008.1.7	39	5.129274	shuvam
182	Q0	en.15.234.383.2008.1.14	40	4.996302	shuvam
182	Q0	en.15.238.142.2008.1.31	41	4.996302	shuvam
182	Q0	1041007_foreign_story_3851883.utf8	42	4.933321	shuvam
182	Q0	1070427_opinion_story_7701311.utf8	43	4.769032	shuvam
182	Q0	en.15.248.483.2008.3.7	44	4.750020	shuvam
182	Q0	en.15.187.163.2007.5.31	45	4.697950	shuvam
182	Q0	1060404_sports_story_6054645.utf8	46	4.680296	shuvam
182	Q0	1060630_opinion_story_6415811.utf8	47	4.664313	shuvam
182	Q0	1060119_calcutta_story_5740276.utf8	48	4.526877	shuvam
182	Q0	1070510_calcutta_story_7758159.utf8	49	4.526877	shuvam
182	Q0	en.15.251.32.2008.3.18	50	4.496336	shuvam
182	Q0	1100330_calcutta_story_12280329.utf8	51	4.479839	shuvam
182	Q0	en.15.187.199.2007.6.1	52	4.386675	shuvam
182	Q0	1070122_calcutta_story_7289687.utf8	53	4.323761	shuvam
182	Q0	1030116_opinion_story_1576869.utf8	54	4.321204	shuvam
182	Q0	1040107_frontpage_index.utf8	55	4.252044	shuvam
182	Q0	1050131_sports_story_4317671.utf8	56	4.252044	shuvam
182	Q0	1060611_calcutta_story_6338611.utf8	57	4.239291	shuvam
182	Q0	1031024_foreign_story_2494575.utf8	58	4.228887	shuvam
182	Q0	1060430_calcutta_story_6164892.utf8	59	4.203866	shuvam
182	Q0	1040120_sports_story_2806139.utf8	60	4.161438	shuvam
182	Q0	en.15.93.418.2008.11.4	61	4.095286	shuvam
182	Q0	1050223_sports_story_4413441.utf8	62	4.095286	shuvam
182	Q0	1070404_sports_story_7604714.utf8	63	4.092760	shuvam
182	Q0	1050316_sports_story_4498667.utf8	64	4.081015	shuvam
182	Q0	en.15.235.331.2008.1.16	65	4.073190	shuvam
182	Q0	1030706_sports_story_2137696.utf8	66	3.970406	shuvam
182	Q0	1050215_sports_story_4380561.utf8	67	3.968823	shuvam
182	Q0	1030131_sports_story_1625384.utf8	68	3.967022	shuvam
182	Q0	1031225_frontpage_story_2717208.utf8	69	3.961936	shuvam
182	Q0	1030728_sports_index.utf8	70	3.943668	shuvam
182	Q0	en.3.383.306.2007.8.6	71	3.939260	shuvam
182	Q0	1050210_sports_story_4360814.utf8	72	3.939260	shuvam
182	Q0	1031226_sports_story_2720199.utf8	73	3.927639	shuvam
182	Q0	1050211_sports_story_4365465.utf8	74	3.927639	shuvam
182	Q0	1031128_sports_story_2620544.utf8	75	3.891927	shuvam
182	Q0	1040804_sports_story_3580903.utf8	76	3.890923	shuvam
182	Q0	1060805_opinion_story_6559258.utf8	77	3.885118	shuvam
182	Q0	1050219_opinion_story_4386822.utf8	78	3.853310	shuvam
182	Q0	1081004_foreign_story_9926138.utf8	79	3.853024	shuvam
182	Q0	1030318_sports_story_1779489.utf8	80	3.847400	shuvam
182	Q0	1030702_sports_story_2124994.utf8	81	3.830523	shuvam
182	Q0	1060813_sports_story_6606404.utf8	82	3.823755	shuvam
182	Q0	1030802_sports_story_2226035.utf8	83	3.815515	shuvam
182	Q0	1050512_sports_story_4728703.utf8	84	3.803474	shuvam
182	Q0	1050211_sports_story_4365400.utf8	85	3.791508	shuvam
182	Q0	1040107_frontpage_story_2760695.utf8	86	3.790800	shuvam
182	Q0	1030703_sports_story_2128619.utf8	87	3.782011	shuvam
182	Q0	1030703_sports_story_2128286.utf8	88	3.780575	shuvam
182	Q0	1030401_sports_story_1828056.utf8	89	3.778423	shuvam
182	Q0	1050503_sports_story_4688970.utf8	90	3.778423	shuvam
182	Q0	1021206_sports_story_1454073.utf8	91	3.765144	shuvam
182	Q0	1030120_opinion_story_1586805.utf8	92	3.757041	shuvam
182	Q0	1021205_sports_story_1451232.utf8	93	3.751957	shuvam
182	Q0	1060630_opinion_index.utf8	94	3.746059	shuvam
182	Q0	1050216_sports_story_4384510.utf8	95	3.738863	shuvam
182	Q0	1091023_opinion_story_11635362.utf8	96	3.728556	shuvam
182	Q0	en.15.243.242.2008.2.19	97	3.722315	shuvam
182	Q0	1030930_sports_story_2415369.utf8	98	3.721268	shuvam
182	Q0	1100306_frontpage_story_12184675.utf8	99	3.704967	shuvam
182	Q0	1040903_sports_story_3711995.utf8	100	3.700123	shuvam
183	Q0	1070808_frontpage_story_8164703.utf8	1	7.579493	shuvam
183	Q0	1070527_frontpage_story_7836400.utf8	2	7.368169	shuvam
183	Q0	1040827_nation_story_3682564.utf8	3	6.888365	shuvam
183	Q0	1061124_frontpage_story_7044084.utf8	4	6.824971	shuvam
183	Q0	1100717_frontpage_story_12694103.utf8	5	6.796418	shuvam
183	Q0	1071001_frontpage_story_8380999.utf8	6	6.595504	shuvam
183	Q0	1070505_frontpage_story_7736869.utf8	7	6.585364	shuvam
183	Q0	en.15.93.339.2008.10.31	8	6.547879	shuvam
183	Q0	1090102_frontpage_story_10332886.utf8	9	6.536107	shuvam
183	Q0	en.15.92.216.2008.10.30	10	6.534723	shuvam
183	Q0	1070527_frontpage_story_7835855.utf8	11	6.481750	shuvam
183	Q0	1060611_frontpage_story_6338060.utf8	12	6.478453	shuvam
183	Q0	1060611_frontpage_story_6338166.utf8	13	6.478453	shuvam
183	Q0	en.15.93.36.2008.10.31	14	6.462234	shuvam
183	Q0	en.15.92.352.2008.10.30	15	6.449502	shuvam
183	Q0	1081031_nation_story_10042643.utf8	16	6.431320	shuvam
183	Q0	1070205_frontpage_story_7350837.utf8	17	6.420093	shuvam
183	Q0	1081101_nation_story_10045748.utf8	18	6.386531	shuvam
183	Q0	en.15.93.103.2008.10.30	19	6.337592	shuvam
183	Q0	en.15.93.222.2008.11.2	20	6.330818	shuvam
183	Q0	1070902_frontpage_story_8265469.utf8	21	6.283446	shuvam
183	Q0	en.15.92.457.2008.10.30	22	6.280889	shuvam
183	Q0	en.15.118.103.2009.4.6	23	6.235945	shuvam
183	Q0	en.15.118.69.2009.4.6	24	6.235945	shuvam
183	Q0	en.15.93.159.2008.10.31	25	6.166173	shuvam
183	Q0	en.15.92.494.2008.10.30	26	6.140258	shuvam
183	Q0	en.15.93.475.2008.10.30	27	6.140258	shuvam
183	Q0	1091009_nation_story_11594134.utf8	28	6.110651	shuvam
183	Q0	1100425_frontpage_story_12378362.utf8	29	6.106260	shuvam
183	Q0	1081203_nation_story_10198772.utf8	30	6.092185	shuvam
183	Q0	1090407_frontpage_story_10786359.utf8	31	6.082222	shuvam
183	Q0	1081030_frontpage_story_10037970.utf8	32	6.082222	shuvam
183	Q0	1100709_frontpage_story_12663210.utf8	33	6.068862	shuvam
183	Q0	1100125_frontpage_story_12025256.utf8	34	6.061055	shuvam
183	Q0	en.13.53.405.2010.5.14	35	6.054994	shuvam
183	Q0	en.15.104.127.2009.1.9	36	6.011904	shuvam
183	Q0	1050310_nation_story_4475077.utf8	37	5.995090	shuvam
183	Q0	en.15.93.4.2008.11.1	38	5.946616	shuvam
183	Q0	1080515_frontpage_story_9273528.utf8	39	5.921332	shuvam
183	Q0	en.15.244.295.2008.2.23	40	5.901515	shuvam
183	Q0	en.15.103.298.2009.1.1	41	5.895414	shuvam
183	Q0	1100503_frontpage_story_12404969.utf8	42	5.859509	shuvam
183	Q0	1060125_nation_story_5763784.utf8	43	5.853167	shuvam
183	Q0	1080112_frontpage_story_8773329.utf8	44	5.849970	shuvam
183	Q0	1081102_frontpage_story_10051917.utf8	45	5.829060	shuvam
183	Q0	1090110_frontpage_story_10370043.utf8	46	5.828463	shuvam
183	Q0	en.15.92.105.2008.10.30	47	5.816819	shuvam
183	Q0	1060612_frontpage_story_6341399.utf8	48	5.787438	shuvam
183	Q0	1071001_nation_story_8381387.utf8	49	5.767875	shuvam
183	Q0	1081031_frontpage_story_10042787.utf8	50	5.738027	shuvam
183	Q0	1070306_calcutta_story_7475400.utf8	51	5.737086	shuvam
183	Q0	1080208_nation_story_8877124.utf8	52	5.730659	shuvam
183	Q0	1060612_nation_story_6341024.utf8	53	5.720044	shuvam
183	Q0	1070409_nation_story_7624179.utf8	54	5.710826	shuvam
183	Q0	1070829_nation_story_8249493.utf8	55	5.693766	shuvam
183	Q0	1050128_frontpage_story_4306745.utf8	56	5.681938	shuvam
183	Q0	1080228_frontpage_story_8958347.utf8	57	5.672569	shuvam
183	Q0	1081031_frontpage_story_10042821.utf8	58	5.667160	shuvam
183	Q0	1090109_nation_story_10364493.utf8	59	5.666975	shuvam
183	Q0	1091123_nation_story_11773975.utf8	60	5.618948	shuvam
183	Q0	en.15.93.235.2008.11.1	61	5.570013	shuvam
183	Q0	1060123_nation_story_5754968.utf8	62	5.553136	shuvam
183	Q0	en.15.119.23.2009.4.11	63	5.547998	shuvam
183	Q0	1080325_frontpage_story_9054706.utf8	64	5.533834	shuvam
183	Q0	1090102_nation_story_10332159.utf8	65	5.495363	shuvam
183	Q0	1070809_frontpage_story_8169470.utf8	66	5.463353	shuvam
183	Q0	1070721_frontpage_story_8087287.utf8	67	5.461334	shuvam
183	Q0	1030121_nation_story_1593705.utf8	68	5.427844	shuvam
183	Q0	en.15.227.57.2007.12.13	69	5.414770	shuvam
183	Q0	1090922_nation_story_11525977.utf8	70	5.400868	shuvam
183	Q0	1090401_frontpage_story_10755618.utf8	71	5.388438	shuvam
183	Q0	1080703_frontpage_story_9495102.utf8	72	5.382176	shuvam
183	Q0	1101126_nation_story_13223990.utf8	73	5.377604	shuvam
183	Q0	1100410_nation_story_12322039.utf8	74	5.368360	shuvam
183	Q0	1070209_frontpage_story_7369469.utf8	75	5.365783	shuvam
183	Q0	1061229_frontpage_story_7196911.utf8	76	5.361490	shuvam
183	Q0	1081031_frontpage_index.utf8	77	5.348493	shuvam
183	Q0	1040809_frontpage_story_3602541.utf8	78	5.347119	shuvam
183	Q0	en.15.93.15.2008.11.4	79	5.338922	shuvam
183	Q0	1061221_calcutta_story_7165133.utf8	80	5.338922	shuvam
183	Q0	1080208_frontpage_story_8877224.utf8	81	5.327144	shuvam
183	Q0	1070126_frontpage_story_7312751.utf8	82	5.312529	shuvam
183	Q0	1070409_frontpage_story_7623916.utf8	83	5.302927	shuvam
183	Q0	1061015_frontpage_story_6873203.utf8	84	5.299798	shuvam
183	Q0	en.3.356.447.2010.3.29	85	5.299391	shuvam
183	Q0	en.15.190.283.2007.6.13	86	5.284879	shuvam
183	Q0	1070527_frontpage_story_7835854.utf8	87	5.283989	shuvam
183	Q0	1081105_frontpage_story_10065121.utf8	88	5.281330	shuvam
183	Q0	1070902_nation_story_8265455.utf8	89	5.267050	shuvam
183	Q0	1070404_frontpage_story_7604378.utf8	90	5.255126	shuvam
183	Q0	1080927_frontpage_index.utf8	91	5.254091	shuvam
183	Q0	1050425_nation_story_4657957.utf8	92	5.232936	shuvam
183	Q0	1070504_frontpage_story_7732522.utf8	93	5.208809	shuvam
183	Q0	1100418_nation_story_12352082.utf8	94	5.206562	shuvam
183	Q0	1080817_frontpage_story_9702648.utf8	95	5.180696	shuvam
183	Q0	1070624_nation_story_7966284.utf8	96	5.168168	shuvam
183	Q0	en.15.192.453.2007.6.23	97	5.164491	shuvam
183	Q0	1061017_nation_story_6881208.utf8	98	5.164491	shuvam
183	Q0	1060322_sports_story_5998406.utf8	99	5.164491	shuvam
183	Q0	1070515_frontpage_story_7779563.utf8	100	5.151230	shuvam
184	Q0	1081007_opinion_story_9923147.utf8	1	14.832376	shuvam
184	Q0	1081002_nation_story_9917509.utf8	2	14.156977	shuvam
184	Q0	1081001_nation_story_9912949.utf8	3	13.455879	shuvam
184	Q0	1081001_frontpage_story_9912937.utf8	4	13.148370	shuvam
184	Q0	en.15.87.347.2008.9.30	5	12.837070	shuvam
184	Q0	en.15.87.365.2008.9.30	6	12.837070	shuvam
184	Q0	en.15.87.415.2008.9.30	7	12.747404	shuvam
184	Q0	en.15.87.197.2008.9.30	8	12.639088	shuvam
184	Q0	en.15.87.376.2008.9.30	9	12.448866	shuvam
184	Q0	1081202_nation_story_10193939.utf8	10	12.108482	shuvam
184	Q0	en.15.87.311.2008.9.30	11	12.017500	shuvam
184	Q0	1081001_nation_story_9912951.utf8	12	11.826453	shuvam
184	Q0	1050126_frontpage_story_4300100.utf8	13	9.064966	shuvam
184	Q0	en.15.254.299.2008.3.27	14	8.895073	shuvam
184	Q0	1080804_frontpage_story_9643917.utf8	15	8.816039	shuvam
184	Q0	en.15.78.355.2008.8.4	16	8.644004	shuvam
184	Q0	1080705_frontpage_story_9507366.utf8	17	8.579193	shuvam
184	Q0	1061105_nation_story_6961429.utf8	18	8.469208	shuvam
184	Q0	en.15.232.100.2008.1.3	19	8.427840	shuvam
184	Q0	en.15.78.143.2008.8.3	20	8.340290	shuvam
184	Q0	en.13.41.300.2010.3.4	21	8.340290	shuvam
184	Q0	1071015_nation_story_8435576.utf8	22	8.269341	shuvam
184	Q0	en.15.78.400.2008.8.3	23	8.202532	shuvam
184	Q0	1070415_frontpage_story_7648093.utf8	24	8.161985	shuvam
184	Q0	1041112_calcutta_story_3993380.utf8	25	8.140511	shuvam
184	Q0	1081114_frontpage_story_10108947.utf8	26	8.138805	shuvam
184	Q0	1081021_nation_story_9996712.utf8	27	8.110862	shuvam
184	Q0	1080805_nation_story_9648148.utf8	28	8.083321	shuvam
184	Q0	1080806_nation_story_9653358.utf8	29	8.073881	shuvam
184	Q0	1090904_nation_story_11447144.utf8	30	7.973065	shuvam
184	Q0	1050128_nation_story_4306478.utf8	31	7.941105	shuvam
184	Q0	1080805_nation_story_9648153.utf8	32	7.929004	shuvam
184	Q0	1080714_nation_story_9545516.utf8	33	7.822516	shuvam
184	Q0	1091221_nation_story_11891148.utf8	34	7.805133	shuvam
184	Q0	en.15.78.10.2008.8.3	35	7.766080	shuvam
184	Q0	1080705_nation_story_9505497.utf8	36	7.683760	shuvam
184	Q0	1080812_opinion_story_9669086.utf8	37	7.643433	shuvam
184	Q0	1061106_frontpage_story_6963408.utf8	38	7.618162	shuvam
184	Q0	1071017_opinion_story_8441893.utf8	39	7.568784	shuvam
184	Q0	en.13.41.207.2010.3.4	40	7.516751	shuvam
184	Q0	en.15.74.141.2008.7.4	41	7.421425	shuvam
184	Q0	1081007_opinion_index.utf8	42	7.211518	shuvam
184	Q0	1081014_opinion_story_9961686.utf8	43	6.919743	shuvam
184	Q0	1081002_nation_story_9917511.utf8	44	6.856565	shuvam
184	Q0	1080804_frontpage_index.utf8	45	6.794449	shuvam
184	Q0	1060817_frontpage_story_6620092.utf8	46	6.667409	shuvam
184	Q0	1101017_nation_story_13066680.utf8	47	6.652087	shuvam
184	Q0	1100305_frontpage_story_12180618.utf8	48	6.487640	shuvam
184	Q0	1100601_opinion_story_12506256.utf8	49	6.318808	shuvam
184	Q0	1090624_nation_story_11148789.utf8	50	6.234115	shuvam
184	Q0	1080811_nation_story_9676414.utf8	51	6.151790	shuvam
184	Q0	1081002_nation_index.utf8	52	6.097431	shuvam
184	Q0	1060112_nation_story_5711096.utf8	53	6.053020	shuvam
184	Q0	1100713_frontpage_story_126764910.utf8	54	6.036114	shuvam
184	Q0	1060130_nation_story_5781114.utf8	55	5.975926	shuvam
184	Q0	1100306_nation_story_12183516.utf8	56	5.961764	shuvam
184	Q0	1100607_frontpage_story_12538032.utf8	57	5.953799	shuvam
184	Q0	1070106_nation_story_7227574.utf8	58	5.897790	shuvam
184	Q0	1080728_nation_story_9609653.utf8	59	5.798935	shuvam
184	Q0	1070814_nation_story_8190911.utf8	60	5.768897	shuvam
184	Q0	1070423_frontpage_story_7684357.utf8	61	5.754333	shuvam
184	Q0	1060923_opinion_story_6763023.utf8	62	5.722425	shuvam
184	Q0	1081002_opinion_story_9914704.utf8	63	5.704318	shuvam
184	Q0	1071019_opinion_story_8449173.utf8	64	5.650072	shuvam
184	Q0	1030325_calcutta_story_1800122.utf8	65	5.597000	shuvam
184	Q0	1090915_nation_story_11494542.utf8	66	5.507607	shuvam
184	Q0	1081114_nation_story_10108950.utf8	67	5.403643	shuvam
184	Q0	1100115_bengal_story_11986616.utf8	68	5.323197	shuvam
184	Q0	1101123_foreign_story_13209974.utf8	69	5.318291	shuvam
184	Q0	1060909_frontpage_story_6722632.utf8	70	5.311380	shuvam
184	Q0	1100706_opinion_story_12639895.utf8	71	5.255840	shuvam
184	Q0	1061109_opinion_story_6965766.utf8	72	5.255840	shuvam
184	Q0	1030828_frontpage_story_2308330.utf8	73	5.251149	shuvam
184	Q0	1100518_nation_story_12460697.utf8	74	5.238976	shuvam
184	Q0	1051223_opinion_story_5624038.utf8	75	5.229143	shuvam
184	Q0	1080514_frontpage_story_9268677.utf8	76	5.210120	shuvam
184	Q0	1090301_nation_story_10608544.utf8	77	5.176377	shuvam
184	Q0	1100725_foreign_story_12723670.utf8	78	5.159354	shuvam
184	Q0	1080827_nation_story_9748768.utf8	79	5.138697	shuvam
184	Q0	1030904_nation_story_2331458.utf8	80	5.130740	shuvam
184	Q0	1081215_nation_story_10253650.utf8	81	5.122657	shuvam
184	Q0	1061218_foreign_story_7153269.utf8	82	5.085901	shuvam
184	Q0	1081014_opinion_story_9958640.utf8	83	5.083751	shuvam
184	Q0	1071004_nation_story_8394471.utf8	84	5.044358	shuvam
184	Q0	1030212_nation_story_1663161.utf8	85	5.041839	shuvam
184	Q0	1040417_nation_story_3136514.utf8	86	5.012281	shuvam
184	Q0	en.2.319.290.2010.6.6	87	5.000608	shuvam
184	Q0	en.15.241.362.2008.2.10	88	5.000608	shuvam
184	Q0	1060205_foreign_story_5807148.utf8	89	4.984547	shuvam
184	Q0	1061218_sports_story_7153294.utf8	90	4.968588	shuvam
184	Q0	1081001_frontpage_index.utf8	91	4.938494	shuvam
184	Q0	1050901_foreign_story_5182799.utf8	92	4.914118	shuvam
184	Q0	1051027_foreign_story_5404993.utf8	93	4.905763	shuvam
184	Q0	1081231_nation_story_10323886.utf8	94	4.830682	shuvam
184	Q0	1080212_nation_story_8892330.utf8	95	4.796524	shuvam
184	Q0	1061105_nation_index.utf8	96	4.790297	shuvam
184	Q0	1030829_frontpage_story_2312187.utf8	97	4.789526	shuvam
184	Q0	1040419_frontpage_story_3144643.utf8	98	4.789526	shuvam
184	Q0	1040420_nation_story_3147629.utf8	99	4.789526	shuvam
184	Q0	1041208_nation_story_4100627.utf8	100	4.768253	shuvam
185	Q0	1101229_frontpage_story_13364586.utf8	1	14.239511	shuvam
185	Q0	1101116_opinion_story_13169708.utf8	2	13.825542	shuvam
185	Q0	1101110_nation_story_13159665.utf8	3	13.326682	shuvam
185	Q0	1101113_frontpage_story_13171958.utf8	4	12.960923	shuvam
185	Q0	1101206_nation_story_13264178.utf8	5	12.904902	shuvam
185	Q0	1101116_nation_story_13182724.utf8	6	12.518799	shuvam
185	Q0	1101224_nation_story_13341799.utf8	7	12.207657	shuvam
185	Q0	1101128_nation_story_13231197.utf8	8	12.009885	shuvam
185	Q0	1101222_nation_story_13332782.utf8	9	11.954635	shuvam
185	Q0	1101102_nation_story_13129581.utf8	10	11.784839	shuvam
185	Q0	1101111_nation_story_13164016.utf8	11	11.546418	shuvam
185	Q0	1101103_nation_story_13133813.utf8	12	11.465040	shuvam
185	Q0	1101110_frontpage_story_13159680.utf8	13	11.416815	shuvam
185	Q0	1101030_frontpage_story_13118803.utf8	14	11.149760	shuvam
185	Q0	1101117_nation_index.utf8	15	10.841183	shuvam
185	Q0	1101209_nation_story_13277672.utf8	16	10.490865	shuvam
185	Q0	1101101_frontpage_story_13125418.utf8	17	10.196431	shuvam
185	Q0	1101117_nation_story_13187318.utf8	18	10.025611	shuvam
185	Q0	1101106_opinion_story_13139193.utf8	19	9.812103	shuvam
185	Q0	1101101_nation_story_13125141.utf8	20	9.606320	shuvam
185	Q0	1101130_nation_story_13238756.utf8	21	9.605582	shuvam
185	Q0	1101122_nation_story_13205738.utf8	22	9.555240	shuvam
185	Q0	1101102_nation_index.utf8	23	9.515875	shuvam
185	Q0	1101110_nation_story_13159649.utf8	24	9.356629	shuvam
185	Q0	1101116_nation_story_13182657.utf8	25	9.346066	shuvam
185	Q0	1101121_nation_story_13202667.utf8	26	9.317746	shuvam
185	Q0	1101130_opinion_story_13228753.utf8	27	9.196600	shuvam
185	Q0	1101120_nation_story_13199708.utf8	28	9.085057	shuvam
185	Q0	1101117_nation_story_13187354.utf8	29	8.854340	shuvam
185	Q0	1101117_nation_story_13187160.utf8	30	8.829047	shuvam
185	Q0	1101030_nation_story_13118805.utf8	31	8.817853	shuvam
185	Q0	1101110_nation_story_13159602.utf8	32	8.774775	shuvam
185	Q0	1101104_nation_story_13138134.utf8	33	8.772789	shuvam
185	Q0	1101101_nation_story_13125143.utf8	34	8.762883	shuvam
185	Q0	1101028_nation_story_13110304.utf8	35	8.616350	shuvam
185	Q0	1101112_nation_story_13168034.utf8	36	8.468081	shuvam
185	Q0	1101110_frontpage_story_131577400.utf8	37	8.394513	shuvam
185	Q0	1101121_nation_story_13202653.utf8	38	8.221236	shuvam
185	Q0	1101208_nation_story_13273120.utf8	39	8.215903	shuvam
185	Q0	1101223_nation_story_13338335.utf8	40	8.099632	shuvam
185	Q0	1101031_frontpage_story_13122024.utf8	41	8.099412	shuvam
185	Q0	1060403_frontpage_story_6049812.utf8	42	8.041763	shuvam
185	Q0	1101129_nation_story_13234475.utf8	43	8.023789	shuvam
185	Q0	1101118_nation_story_13191312.utf8	44	7.989440	shuvam
185	Q0	1101118_nation_story_13191003.utf8	45	7.873414	shuvam
185	Q0	1101030_frontpage_index.utf8	46	7.642277	shuvam
185	Q0	1050802_nation_story_5062585.utf8	47	7.469478	shuvam
185	Q0	1051004_nation_story_5317407.utf8	48	7.383437	shuvam
185	Q0	1030404_nation_story_1838911.utf8	49	7.351761	shuvam
185	Q0	1030501_frontpage_story_1929195.utf8	50	7.142312	shuvam
185	Q0	1101130_frontpage_story_13237750.utf8	51	7.107747	shuvam
185	Q0	1101206_opinion_story_13235418.utf8	52	7.035809	shuvam
185	Q0	1080430_calcutta_story_9206843.utf8	53	7.003318	shuvam
185	Q0	1060815_nation_story_6614252.utf8	54	6.942577	shuvam
185	Q0	1021129_nation_story_1431540.utf8	55	6.914365	shuvam
185	Q0	1031224_frontpage_story_2713455.utf8	56	6.730906	shuvam
185	Q0	1101115_nation_story_13178225.utf8	57	6.716131	shuvam
185	Q0	1101030_nation_story_13118807.utf8	58	6.611701	shuvam
185	Q0	1040711_bengal_story_3481249.utf8	59	6.547468	shuvam
185	Q0	1100723_nation_story_12716805.utf8	60	6.521067	shuvam
185	Q0	1101103_nation_story_13133808.utf8	61	6.512149	shuvam
185	Q0	1101116_nation_story_13182738.utf8	62	6.428241	shuvam
185	Q0	1101111_nation_index.utf8	63	6.388938	shuvam
185	Q0	1050915_nation_story_5240547.utf8	64	6.379277	shuvam
185	Q0	1070505_business_story_7736778.utf8	65	6.364063	shuvam
185	Q0	1101204_nation_story_13257399.utf8	66	6.283886	shuvam
185	Q0	1031225_nation_story_2717010.utf8	67	6.244647	shuvam
185	Q0	1030524_frontpage_story_2000735.utf8	68	6.209653	shuvam
185	Q0	1051222_nation_story_5630922.utf8	69	6.205308	shuvam
185	Q0	1101129_nation_story_13234508.utf8	70	6.186242	shuvam
185	Q0	1040101_opinion_story_2730712.utf8	71	6.180634	shuvam
185	Q0	1031217_nation_story_2687365.utf8	72	6.155784	shuvam
185	Q0	1030405_nation_story_1843222.utf8	73	6.143362	shuvam
185	Q0	1101111_nation_story_13164018.utf8	74	6.115703	shuvam
185	Q0	1101101_frontpage_index.utf8	75	6.090812	shuvam
185	Q0	1100722_nation_story_12710343.utf8	76	6.080289	shuvam
185	Q0	1030225_nation_story_1707398.utf8	77	6.071734	shuvam
185	Q0	1091027_nation_story_11662902.utf8	78	6.071452	shuvam
185	Q0	1101105_nation_story_13142254.utf8	79	6.049389	shuvam
185	Q0	1051203_frontpage_story_5554327.utf8	80	6.047862	shuvam
185	Q0	1051228_nation_story_5653054.utf8	81	6.036047	shuvam
185	Q0	1101112_frontpage_story_13168253.utf8	82	5.992485	shuvam
185	Q0	1050427_nation_story_4667039.utf8	83	5.974911	shuvam
185	Q0	1040106_nation_story_2755277.utf8	84	5.958648	shuvam
185	Q0	en.3.414.406.2007.12.27	85	5.942595	shuvam
185	Q0	1021023_frontpage_story_1316168.utf8	86	5.937387	shuvam
185	Q0	1050803_nation_story_5067465.utf8	87	5.906235	shuvam
185	Q0	1051214_nation_story_5598231.utf8	88	5.874114	shuvam
185	Q0	1031216_nation_story_2684779.utf8	89	5.846256	shuvam
185	Q0	1041229_nation_story_4186330.utf8	90	5.808014	shuvam
185	Q0	1101125_nation_story_13219155.utf8	91	5.767087	shuvam
185	Q0	1101126_nation_story_13223976.utf8	92	5.766937	shuvam
185	Q0	1051218_nation_story_5615350.utf8	93	5.764817	shuvam
185	Q0	1030520_nation_story_1985749.utf8	94	5.764560	shuvam
185	Q0	1101102_opinion_story_13125788.utf8	95	5.746776	shuvam
185	Q0	1060808_nation_story_6583428.utf8	96	5.742093	shuvam
185	Q0	1050529_nation_story_4799993.utf8	97	5.735377	shuvam
185	Q0	1101227_business_story_13349495.utf8	98	5.720037	shuvam
185	Q0	1101121_opinion_story_13200250.utf8	99	5.703078	shuvam
185	Q0	1051126_nation_story_5524604.utf8	100	5.692286	shuvam
186	Q0	en.13.31.328.2010.1.4	1	8.235395	shuvam
186	Q0	en.13.31.115.2009.12.30	2	8.119377	shuvam
186	Q0	en.13.1.476.2009.6.1	3	7.951416	shuvam
186	Q0	en.13.1.320.2009.6.1	4	7.912651	shuvam
186	Q0	1090603_opinion_story_11047971.utf8	5	7.912586	shuvam
186	Q0	en.13.3.232.2009.6.10	6	7.906685	shuvam
186	Q0	en.15.128.369.2009.6.4	7	7.881472	shuvam
186	Q0	1100111_opinion_story_11959373.utf8	8	7.846785	shuvam
186	Q0	1090613_nation_story_11104431.utf8	9	7.803444	shuvam
186	Q0	1090531_frontpage_story_11043697.utf8	10	7.796010	shuvam
186	Q0	1100208_nation_story_12079654.utf8	11	7.769076	shuvam
186	Q0	en.15.128.180.2009.6.5	12	7.750342	shuvam
186	Q0	en.3.347.17.2010.2.3	13	7.732921	shuvam
186	Q0	en.15.128.155.2009.6.3	14	7.706886	shuvam
186	Q0	en.3.366.381.2010.5.26	15	7.698486	shuvam
186	Q0	en.15.128.258.2009.6.7	16	7.692618	shuvam
186	Q0	en.2.268.95.2009.6.17	17	7.634167	shuvam
186	Q0	1090601_nation_story_11046907.utf8	18	7.630762	shuvam
186	Q0	en.2.264.5.2009.5.29	19	7.585351	shuvam
186	Q0	1090610_nation_story_11089242.utf8	20	7.579308	shuvam
186	Q0	1090530_frontpage_story_11039172.utf8	21	7.569432	shuvam
186	Q0	1090809_frontpage_story_11339040.utf8	22	7.336521	shuvam
186	Q0	1090720_nation_story_11258586.utf8	23	7.315793	shuvam
186	Q0	1100108_nation_story_11958088.utf8	24	7.301883	shuvam
186	Q0	1090617_nation_story_11122525.utf8	25	7.238037	shuvam
186	Q0	1100107_nation_story_11952115.utf8	26	7.213115	shuvam
186	Q0	1090609_frontpage_story_11083829.utf8	27	7.184961	shuvam
186	Q0	1090917_nation_story_11504039.utf8	28	7.153165	shuvam
186	Q0	1090926_nation_story_11544290.utf8	29	7.124600	shuvam
186	Q0	1090630_nation_story_11174741.utf8	30	7.116749	shuvam
186	Q0	1090925_frontpage_story_11540688.utf8	31	7.056464	shuvam
186	Q0	1100106_frontpage_story_11949164.utf8	32	7.055377	shuvam
186	Q0	1090624_nation_story_11150627.utf8	33	6.964850	shuvam
186	Q0	en.2.296.313.2010.1.20	34	6.876316	shuvam
186	Q0	1090702_nation_story_11185218.utf8	35	6.872197	shuvam
186	Q0	1100110_nation_story_11965843.utf8	36	6.870414	shuvam
186	Q0	en.15.161.232.2010.1.20	37	6.841018	shuvam
186	Q0	1090902_nation_story_11439584.utf8	38	6.803454	shuvam
186	Q0	1090528_frontpage_story_11029057.utf8	39	6.756261	shuvam
186	Q0	1090928_opinion_story_11541223.utf8	40	6.734199	shuvam
186	Q0	1090611_opinion_story_11080205.utf8	41	6.725130	shuvam
186	Q0	1100104_nation_story_11939667.utf8	42	6.718578	shuvam
186	Q0	1090723_nation_story_11270778.utf8	43	6.700068	shuvam
186	Q0	1090612_nation_story_11098794.utf8	44	6.622509	shuvam
186	Q0	1100204_nation_story_12064377.utf8	45	6.553955	shuvam
186	Q0	1100105_nation_story_11944335.utf8	46	6.538641	shuvam
186	Q0	1090628_nation_story_11169139.utf8	47	6.430171	shuvam
186	Q0	1090611_opinion_story_11090133.utf8	48	6.417300	shuvam
186	Q0	1090611_nation_story_11094347.utf8	49	6.324081	shuvam
186	Q0	1100115_frontpage_story_11986756.utf8	50	6.316354	shuvam
186	Q0	1091113_nation_story_11735534.utf8	51	6.259634	shuvam
186	Q0	1090710_nation_story_11218650.utf8	52	6.245715	shuvam
186	Q0	1101009_frontpage_story_13037618.utf8	53	6.202448	shuvam
186	Q0	1090602_nation_story_11050599.utf8	54	6.166061	shuvam
186	Q0	en.3.348.4.2010.2.8	55	6.127965	shuvam
186	Q0	1090603_nation_story_11056603.utf8	56	6.062158	shuvam
186	Q0	1100131_nation_story_12048277.utf8	57	5.964930	shuvam
186	Q0	1090606_nation_story_11071241.utf8	58	5.920368	shuvam
186	Q0	1090607_nation_story_11073151.utf8	59	5.913552	shuvam
186	Q0	1100625_frontpage_story_12604631.utf8	60	5.850155	shuvam
186	Q0	1090916_nation_story_11501487.utf8	61	5.840670	shuvam
186	Q0	1091112_nation_story_11731335.utf8	62	5.714432	shuvam
186	Q0	1090708_nation_story_11209991.utf8	63	5.713808	shuvam
186	Q0	1060130_opinion_story_5771627.utf8	64	5.594322	shuvam
186	Q0	en.2.289.434.2009.11.13	65	5.521339	shuvam
186	Q0	1091129_nation_story_11798421.utf8	66	5.482321	shuvam
186	Q0	1080607_nation_story_9378141.utf8	67	5.457419	shuvam
186	Q0	1100223_nation_story_12138611.utf8	68	5.421422	shuvam
186	Q0	en.3.382.256.2007.7.27	69	5.394936	shuvam
186	Q0	1090713_calcutta_story_11227650.utf8	70	5.390988	shuvam
186	Q0	1061012_nation_story_6859088.utf8	71	5.380358	shuvam
186	Q0	1090708_frontpage_story_11209615.utf8	72	5.342188	shuvam
186	Q0	1051201_calcutta_story_5541774.utf8	73	5.289014	shuvam
186	Q0	1041216_calcutta_story_4122892.utf8	74	5.288387	shuvam
186	Q0	1100209_nation_story_12082896.utf8	75	5.246348	shuvam
186	Q0	1070131_opinion_story_7326121.utf8	76	5.245368	shuvam
186	Q0	1100313_sports_story_12212407.utf8	77	5.220548	shuvam
186	Q0	1070729_nation_story_8121140.utf8	78	5.216909	shuvam
186	Q0	1100326_nation_story_12265093.utf8	79	5.207175	shuvam
186	Q0	1090630_nation_index.utf8	80	5.169334	shuvam
186	Q0	1100117_opinion_story_11980183.utf8	81	5.156489	shuvam
186	Q0	en.15.194.237.2007.7.3	82	5.156366	shuvam
186	Q0	1100121_nation_story_12010120.utf8	83	5.153831	shuvam
186	Q0	1070216_calcutta_story_7397117.utf8	84	5.147123	shuvam
186	Q0	1090604_nation_story_11061726.utf8	85	5.115284	shuvam
186	Q0	1030219_nation_story_1686607.utf8	86	5.113360	shuvam
186	Q0	1091011_nation_story_11601830.utf8	87	5.110693	shuvam
186	Q0	1061001_nation_story_6815209.utf8	88	5.109921	shuvam
186	Q0	en.15.256.142.2008.4.7	89	5.099631	shuvam
186	Q0	1080426_nation_story_9190930.utf8	90	5.079548	shuvam
186	Q0	1100811_nation_story_12796215.utf8	91	5.072549	shuvam
186	Q0	1100209_opinion_story_12080967.utf8	92	5.061928	shuvam
186	Q0	1060331_frontpage_story_6038422.utf8	93	5.052567	shuvam
186	Q0	1100511_sports_story_12433878.utf8	94	5.031800	shuvam
186	Q0	1090613_sports_story_11105185.utf8	95	5.009736	shuvam
186	Q0	1100729_nation_story_12744220.utf8	96	5.000064	shuvam
186	Q0	1090529_frontpage_story_11035546.utf8	97	4.988181	shuvam
186	Q0	1070805_frontpage_story_8152077.utf8	98	4.982765	shuvam
186	Q0	1090716_calcutta_story_11240661.utf8	99	4.965601	shuvam
186	Q0	1030627_nation_story_2108683.utf8	100	4.962133	shuvam
187	Q0	1030924_frontpage_story_2396338.utf8	1	5.528093	shuvam
187	Q0	1090921_business_story_11521914.utf8	2	5.076235	shuvam
187	Q0	1030807_nation_story_2241278.utf8	3	4.930939	shuvam
187	Q0	1071112_business_story_8538245.utf8	4	4.758984	shuvam
187	Q0	1051011_calcutta_story_5343580.utf8	5	4.676163	shuvam
187	Q0	1031117_business_story_2580290.utf8	6	4.656351	shuvam
187	Q0	1101025_frontpage_story_13097225.utf8	7	4.621232	shuvam
187	Q0	1091230_calcutta_story_11923424.utf8	8	4.596930	shuvam
187	Q0	1090914_nation_story_11491541.utf8	9	4.567227	shuvam
187	Q0	1051112_calcutta_story_5466270.utf8	10	4.521812	shuvam
187	Q0	1080804_business_story_9643335.utf8	11	4.503546	shuvam
187	Q0	1030620_business_story_2085994.utf8	12	4.503102	shuvam
187	Q0	1040317_calcutta_story_3011160.utf8	13	4.460279	shuvam
187	Q0	1060404_calcutta_story_6054001.utf8	14	4.452055	shuvam
187	Q0	1100902_business_story_12886434.utf8	15	4.416097	shuvam
187	Q0	1030810_business_story_2250779.utf8	16	4.354061	shuvam
187	Q0	1021218_business_story_1491684.utf8	17	4.333098	shuvam
187	Q0	1060510_business_story_6204953.utf8	18	4.322482	shuvam
187	Q0	1040131_frontpage_story_2845252.utf8	19	4.300120	shuvam
187	Q0	1090106_nation_story_10347477.utf8	20	4.289649	shuvam
187	Q0	1080908_opinion_story_9777561.utf8	21	4.285179	shuvam
187	Q0	1040819_calcutta_story_3636351.utf8	22	4.283608	shuvam
187	Q0	1070615_calcutta_story_7924388.utf8	23	4.272188	shuvam
187	Q0	1051223_opinion_story_5629971.utf8	24	4.271122	shuvam
187	Q0	1021108_business_story_1364953.utf8	25	4.246454	shuvam
187	Q0	1090601_calcutta_story_11046733.utf8	26	4.223001	shuvam
187	Q0	1080821_calcutta_story_9720739.utf8	27	4.217064	shuvam
187	Q0	1040711_nation_story_3480691.utf8	28	4.213463	shuvam
187	Q0	1050512_nation_story_4728371.utf8	29	4.200012	shuvam
187	Q0	1090709_calcutta_story_11212526.utf8	30	4.197128	shuvam
187	Q0	1090223_calcutta_story_10535996.utf8	31	4.197086	shuvam
187	Q0	1030708_nation_story_2142999.utf8	32	4.194476	shuvam
187	Q0	1040401_nation_story_3073092.utf8	33	4.192449	shuvam
187	Q0	1060713_opinion_story_6416021.utf8	34	4.180040	shuvam
187	Q0	1041129_business_story_4061997.utf8	35	4.167121	shuvam
187	Q0	1080819_business_story_9711896.utf8	36	4.165403	shuvam
187	Q0	1060306_nation_story_5930349.utf8	37	4.162178	shuvam
187	Q0	1031225_business_story_2716841.utf8	38	4.159748	shuvam
187	Q0	1030325_business_story_1802123.utf8	39	4.159077	shuvam
187	Q0	1050423_nation_story_4651702.utf8	40	4.156754	shuvam
187	Q0	1081003_nation_story_9922409.utf8	41	4.146189	shuvam
187	Q0	1030612_nation_story_2060537.utf8	42	4.145473	shuvam
187	Q0	1071113_frontpage_story_8542883.utf8	43	4.140651	shuvam
187	Q0	1050715_nation_story_4992929.utf8	44	4.119874	shuvam
187	Q0	1030721_sports_story_2184077.utf8	45	4.117408	shuvam
187	Q0	1041204_nation_story_4085834.utf8	46	4.109505	shuvam
187	Q0	1101207_calcutta_index.utf8	47	4.108323	shuvam
187	Q0	1100412_business_story_12329549.utf8	48	4.102232	shuvam
187	Q0	1041116_nation_story_4008627.utf8	49	4.094958	shuvam
187	Q0	en.3.356.324.2010.4.2	50	4.091368	shuvam
187	Q0	1090719_bengal_story_11255690.utf8	51	4.090045	shuvam
187	Q0	1090914_calcutta_story_11488794.utf8	52	4.086539	shuvam
187	Q0	1090704_calcutta_story_11195106.utf8	53	4.084584	shuvam
187	Q0	1070515_frontpage_story_7779147.utf8	54	4.064784	shuvam
187	Q0	1080402_business_story_9084546.utf8	55	4.061582	shuvam
187	Q0	1040224_nation_story_2930639.utf8	56	4.053542	shuvam
187	Q0	1090310_calcutta_story_10651667.utf8	57	4.048728	shuvam
187	Q0	1100401_nation_story_12290343.utf8	58	4.038660	shuvam
187	Q0	1040701_business_story_3439387.utf8	59	4.033503	shuvam
187	Q0	1091111_calcutta_story_11726479.utf8	60	4.023475	shuvam
187	Q0	1070426_business_story_7699028.utf8	61	4.023438	shuvam
187	Q0	1020918_frontpage_story_1209868.utf8	62	4.007193	shuvam
187	Q0	1030628_nation_story_2112535.utf8	63	4.001866	shuvam
187	Q0	1100903_calcutta_story_12887861.utf8	64	3.992621	shuvam
187	Q0	1070528_calcutta_story_7833674.utf8	65	3.987545	shuvam
187	Q0	1071130_calcutta_story_8609268.utf8	66	3.978059	shuvam
187	Q0	1090228_calcutta_story_10601846.utf8	67	3.971695	shuvam
187	Q0	1021004_opinion_story_1252350.utf8	68	3.967994	shuvam
187	Q0	1090910_calcutta_story_11475394.utf8	69	3.960613	shuvam
187	Q0	1040319_business_story_3021770.utf8	70	3.958820	shuvam
187	Q0	1060531_business_story_6290435.utf8	71	3.953001	shuvam
187	Q0	en.13.8.9.2009.7.12	72	3.952305	shuvam
187	Q0	1040422_business_story_3157621.utf8	73	3.951064	shuvam
187	Q0	1050103_business_story_4205263.utf8	74	3.945642	shuvam
187	Q0	1040107_calcutta_story_2760773.utf8	75	3.945501	shuvam
187	Q0	1080711_calcutta_story_9533152.utf8	76	3.938162	shuvam
187	Q0	1060214_nation_story_5844203.utf8	77	3.928649	shuvam
187	Q0	1051015_calcutta_story_5354682.utf8	78	3.915107	shuvam
187	Q0	1070619_calcutta_story_7927623.utf8	79	3.905401	shuvam
187	Q0	1090616_calcutta_story_11117803.utf8	80	3.901747	shuvam
187	Q0	1040922_business_story_3786621.utf8	81	3.895731	shuvam
187	Q0	1050112_business_story_4241127.utf8	82	3.891476	shuvam
187	Q0	1050704_calcutta_story_4945353.utf8	83	3.891356	shuvam
187	Q0	1051104_calcutta_story_5410398.utf8	84	3.881389	shuvam
187	Q0	1031028_business_story_2507554.utf8	85	3.870935	shuvam
187	Q0	1060227_nation_story_5901432.utf8	86	3.868700	shuvam
187	Q0	1060524_business_story_6262182.utf8	87	3.867318	shuvam
187	Q0	1080803_calcutta_story_9640133.utf8	88	3.861942	shuvam
187	Q0	1101214_calcutta_story_13296655.utf8	89	3.857607	shuvam
187	Q0	1040925_calcutta_story_3800591.utf8	90	3.857242	shuvam
187	Q0	1090608_business_story_11078717.utf8	91	3.856952	shuvam
187	Q0	1091025_business_story_11655514.utf8	92	3.849976	shuvam
187	Q0	1070129_business_story_7320086.utf8	93	3.849722	shuvam
187	Q0	1071009_business_story_8412000.utf8	94	3.848514	shuvam
187	Q0	1030730_nation_story_2214344.utf8	95	3.842173	shuvam
187	Q0	1070412_calcutta_story_7635546.utf8	96	3.837142	shuvam
187	Q0	1060503_calcutta_story_6173459.utf8	97	3.836092	shuvam
187	Q0	1100209_business_story_12083337.utf8	98	3.833177	shuvam
187	Q0	1031124_nation_story_2605935.utf8	99	3.827213	shuvam
187	Q0	1050705_sports_story_4951529.utf8	100	3.827205	shuvam
188	Q0	1100428_nation_story_12389180.utf8	1	7.958853	shuvam
188	Q0	1030129_nation_story_1617975.utf8	2	7.800295	shuvam
188	Q0	en.15.249.318.2008.3.11	3	7.505784	shuvam
188	Q0	en.15.65.280.2008.5.3	4	7.467459	shuvam
188	Q0	1101218_foreign_story_13316176.utf8	5	7.433648	shuvam
188	Q0	1100428_frontpage_story_12389988.utf8	6	7.364584	shuvam
188	Q0	en.15.249.385.2008.3.11	7	7.360572	shuvam
188	Q0	en.15.252.26.2008.3.19	8	7.331470	shuvam
188	Q0	en.15.154.278.2009.11.25	9	7.316690	shuvam
188	Q0	en.15.104.480.2009.1.8	10	7.234707	shuvam
188	Q0	en.15.154.224.2009.11.25	11	7.175208	shuvam
188	Q0	1080308_frontpage_story_8995368.utf8	12	7.028111	shuvam
188	Q0	1101219_frontpage_story_13320017.utf8	13	7.019204	shuvam
188	Q0	1090327_foreign_story_10728320.utf8	14	6.996062	shuvam
188	Q0	1070106_nation_story_7227553.utf8	15	6.926558	shuvam
188	Q0	en.15.101.203.2008.12.16	16	6.903037	shuvam
188	Q0	en.15.84.368.2008.9.16	17	6.869129	shuvam
188	Q0	1100429_frontpage_story_12393495.utf8	18	6.816096	shuvam
188	Q0	1080319_nation_story_9035547.utf8	19	6.778375	shuvam
188	Q0	en.15.135.327.2009.7.18	20	6.772103	shuvam
188	Q0	en.15.108.497.2009.2.5	21	6.766829	shuvam
188	Q0	en.15.77.411.2008.7.28	22	6.742818	shuvam
188	Q0	1080309_opinion_story_8988138.utf8	23	6.608530	shuvam
188	Q0	1091110_nation_story_11721197.utf8	24	6.602619	shuvam
188	Q0	1071113_foreign_story_8542077.utf8	25	6.591692	shuvam
188	Q0	1061025_nation_story_6913409.utf8	26	6.554976	shuvam
188	Q0	1090206_nation_story_10494127.utf8	27	6.541234	shuvam
188	Q0	en.15.104.426.2009.1.6	28	6.510321	shuvam
188	Q0	en.15.186.13.2007.5.29	29	6.487822	shuvam
188	Q0	en.13.27.207.2009.11.20	30	6.476320	shuvam
188	Q0	en.15.78.307.2008.8.2	31	6.402508	shuvam
188	Q0	1021209_nation_story_1461855.utf8	32	6.368008	shuvam
188	Q0	1060408_nation_story_6073089.utf8	33	6.364837	shuvam
188	Q0	1021230_frontpage_story_1526967.utf8	34	6.364499	shuvam
188	Q0	1080802_nation_story_9636512.utf8	35	6.323393	shuvam
188	Q0	1040719_frontpage_story_3513930.utf8	36	6.322505	shuvam
188	Q0	1081001_foreign_story_9913101.utf8	37	6.313516	shuvam
188	Q0	1100501_frontpage_story_12401718.utf8	38	6.305626	shuvam
188	Q0	1060412_nation_story_6089369.utf8	39	6.301934	shuvam
188	Q0	1100727_foreign_story_12730639.utf8	40	6.300014	shuvam
188	Q0	1060817_nation_story_6620192.utf8	41	6.259796	shuvam
188	Q0	1090319_opinion_story_10687462.utf8	42	6.251419	shuvam
188	Q0	en.15.101.403.2008.12.17	43	6.221936	shuvam
188	Q0	1091221_frontpage_story_11891341.utf8	44	6.221758	shuvam
188	Q0	en.3.361.178.2010.4.27	45	6.215675	shuvam
188	Q0	en.15.108.93.2009.2.6	46	6.201284	shuvam
188	Q0	1080229_nation_story_8963502.utf8	47	6.196504	shuvam
188	Q0	1080622_frontpage_story_9446552.utf8	48	6.188779	shuvam
188	Q0	1050305_opinion_story_4451363.utf8	49	6.182167	shuvam
188	Q0	en.15.140.268.2009.8.22	50	6.174892	shuvam
188	Q0	1080305_nation_story_8982439.utf8	51	6.170792	shuvam
188	Q0	1061219_calcutta_story_7139951.utf8	52	6.164208	shuvam
188	Q0	en.3.361.396.2010.4.27	53	6.163394	shuvam
188	Q0	1040710_frontpage_story_3478011.utf8	54	6.160645	shuvam
188	Q0	1030103_opinion_story_1536751.utf8	55	6.136167	shuvam
188	Q0	en.13.5.153.2009.6.24	56	6.133577	shuvam
188	Q0	en.15.78.247.2008.8.1	57	6.123786	shuvam
188	Q0	1100727_nation_story_12730880.utf8	58	6.108387	shuvam
188	Q0	1070713_opinion_story_8050024.utf8	59	6.089766	shuvam
188	Q0	1080801_foreign_story_9628867.utf8	60	6.086623	shuvam
188	Q0	en.15.186.382.2007.5.29	61	6.081283	shuvam
188	Q0	en.2.271.22.2009.7.6	62	6.077662	shuvam
188	Q0	en.15.104.469.2009.1.7	63	6.077140	shuvam
188	Q0	1090923_nation_story_11528130.utf8	64	6.072417	shuvam
188	Q0	1100719_frontpage_story_12700170.utf8	65	6.048592	shuvam
188	Q0	1071113_foreign_index.utf8	66	6.043904	shuvam
188	Q0	1091031_bengal_story_11682341.utf8	67	6.029737	shuvam
188	Q0	en.15.78.402.2008.8.1	68	6.029219	shuvam
188	Q0	en.15.98.203.2008.11.30	69	5.999365	shuvam
188	Q0	1040601_nation_story_3316539.utf8	70	5.991205	shuvam
188	Q0	en.15.99.187.2008.12.5	71	5.983260	shuvam
188	Q0	1080624_nation_story_9454410.utf8	72	5.980210	shuvam
188	Q0	1061022_nation_story_6902451.utf8	73	5.978612	shuvam
188	Q0	en.3.373.301.2007.6.9	74	5.968937	shuvam
188	Q0	en.15.132.69.2009.6.25	75	5.968859	shuvam
188	Q0	1080318_nation_story_9032506.utf8	76	5.968859	shuvam
188	Q0	en.15.109.319.2009.2.10	77	5.955682	shuvam
188	Q0	en.15.102.226.2008.12.26	78	5.945104	shuvam
188	Q0	1100526_foreign_story_12488794.utf8	79	5.930025	shuvam
188	Q0	en.15.247.4.2008.3.4	80	5.929686	shuvam
188	Q0	1051217_nation_story_5611003.utf8	81	5.929686	shuvam
188	Q0	en.15.246.435.2008.2.29	82	5.906836	shuvam
188	Q0	en.15.63.273.2008.4.23	83	5.890980	shuvam
188	Q0	1080417_nation_story_9148956.utf8	84	5.880663	shuvam
188	Q0	en.15.77.398.2008.7.30	85	5.865782	shuvam
188	Q0	1030124_nation_story_1603938.utf8	86	5.862143	shuvam
188	Q0	en.2.282.412.2009.9.18	87	5.832954	shuvam
188	Q0	1070815_opinion_story_8195501.utf8	88	5.830870	shuvam
188	Q0	1091229_frontpage_story_11919576.utf8	89	5.803758	shuvam
188	Q0	1031201_foreign_story_2630314.utf8	90	5.803136	shuvam
188	Q0	1080423_foreign_story_9175835.utf8	91	5.763834	shuvam
188	Q0	en.15.77.405.2008.7.29	92	5.759206	shuvam
188	Q0	1081214_nation_story_10250224.utf8	93	5.750735	shuvam
188	Q0	en.15.79.475.2008.8.9	94	5.743856	shuvam
188	Q0	1031104_opinion_story_2531477.utf8	95	5.734290	shuvam
188	Q0	1080419_nation_story_9158284.utf8	96	5.729968	shuvam
188	Q0	1090914_foreign_story_11490374.utf8	97	5.722658	shuvam
188	Q0	en.15.98.298.2008.12.1	98	5.720387	shuvam
188	Q0	1070530_foreign_story_7850004.utf8	99	5.719275	shuvam
188	Q0	1081227_frontpage_story_10308242.utf8	100	5.719036	shuvam
189	Q0	1100323_nation_story_12250871.utf8	1	6.166167	shuvam
189	Q0	1100407_opinion_story_12296062.utf8	2	5.926951	shuvam
189	Q0	1021218_opinion_story_1486532.utf8	3	5.820109	shuvam
189	Q0	1100824_calcutta_story_12844618.utf8	4	5.774496	shuvam
189	Q0	1100819_nation_story_12828562.utf8	5	5.749501	shuvam
189	Q0	1051207_nation_story_5569436.utf8	6	5.633859	shuvam
189	Q0	1060921_opinion_story_6771193.utf8	7	5.584553	shuvam
189	Q0	1090804_nation_story_11318329.utf8	8	5.559398	shuvam
189	Q0	1050831_opinion_story_5135977.utf8	9	5.520041	shuvam
189	Q0	1091012_nation_story_11604248.utf8	10	5.457503	shuvam
189	Q0	1101214_nation_story_13298147.utf8	11	5.440728	shuvam
189	Q0	1101126_calcutta_story_13221156.utf8	12	5.440727	shuvam
189	Q0	1101216_nation_story_13307875.utf8	13	5.404596	shuvam
189	Q0	1100416_opinion_story_12344658.utf8	14	5.337143	shuvam
189	Q0	1061204_nation_story_7088828.utf8	15	5.306041	shuvam
189	Q0	1100401_opinion_story_12286195.utf8	16	5.268499	shuvam
189	Q0	1051124_opinion_story_5512365.utf8	17	5.214543	shuvam
189	Q0	1051122_opinion_story_5497111.utf8	18	5.185175	shuvam
189	Q0	1100402_frontpage_story_12294073.utf8	19	5.179414	shuvam
189	Q0	1070704_opinion_story_8010237.utf8	20	5.135894	shuvam
189	Q0	1030422_opinion_story_1883067.utf8	21	5.121278	shuvam
189	Q0	1031208_opinion_story_2656414.utf8	22	5.116323	shuvam
189	Q0	1090917_nation_story_11506657.utf8	23	5.080249	shuvam
189	Q0	1070801_opinion_story_8130159.utf8	24	5.078314	shuvam
189	Q0	1060716_bengal_story_6484657.utf8	25	5.076103	shuvam
189	Q0	1091121_calcutta_story_11766866.utf8	26	5.045726	shuvam
189	Q0	1100621_calcutta_story_12588128.utf8	27	5.036400	shuvam
189	Q0	1070313_nation_story_7508828.utf8	28	4.971080	shuvam
189	Q0	1100721_calcutta_story_12705413.utf8	29	4.970024	shuvam
189	Q0	1100405_nation_story_12303359.utf8	30	4.941252	shuvam
189	Q0	1050901_nation_story_5182747.utf8	31	4.934528	shuvam
189	Q0	1080129_calcutta_story_8837326.utf8	32	4.928078	shuvam
189	Q0	1100401_frontpage_story_12290471.utf8	33	4.923974	shuvam
189	Q0	1100223_nation_story_12140342.utf8	34	4.906876	shuvam
189	Q0	1100406_nation_story_12306763.utf8	35	4.904203	shuvam
189	Q0	1050621_opinion_story_4871199.utf8	36	4.897472	shuvam
189	Q0	1100930_calcutta_story_12997617.utf8	37	4.887862	shuvam
189	Q0	1100602_frontpage_story_12513841.utf8	38	4.886584	shuvam
189	Q0	1100617_calcutta_story_12574842.utf8	39	4.876979	shuvam
189	Q0	1050112_nation_story_4242038.utf8	40	4.859824	shuvam
189	Q0	1090831_opinion_story_11430496.utf8	41	4.810552	shuvam
189	Q0	1030626_opinion_story_2096809.utf8	42	4.810036	shuvam
189	Q0	1090805_nation_story_11320366.utf8	43	4.803823	shuvam
189	Q0	en.3.379.4.2007.7.11	44	4.798000	shuvam
189	Q0	1081202_opinion_story_10194119.utf8	45	4.784795	shuvam
189	Q0	1030118_calcutta_story_1579557.utf8	46	4.779256	shuvam
189	Q0	1020912_nation_story_1191959.utf8	47	4.776320	shuvam
189	Q0	1021129_opinion_story_1429530.utf8	48	4.775074	shuvam
189	Q0	1100629_bengal_story_12623507.utf8	49	4.770735	shuvam
189	Q0	1070625_calcutta_story_7968722.utf8	50	4.767567	shuvam
189	Q0	1100501_opinion_story_12385801.utf8	51	4.734884	shuvam
189	Q0	1061225_calcutta_story_7173158.utf8	52	4.733899	shuvam
189	Q0	1090126_frontpage_story_10426703.utf8	53	4.732191	shuvam
189	Q0	1090815_frontpage_story_11364986.utf8	54	4.718855	shuvam
189	Q0	1050531_calcutta_story_4525267.utf8	55	4.718121	shuvam
189	Q0	1020913_opinion_story_1193063.utf8	56	4.712083	shuvam
189	Q0	1100615_calcutta_story_12566761.utf8	57	4.709787	shuvam
189	Q0	1060807_opinion_story_6576861.utf8	58	4.707442	shuvam
189	Q0	1070108_nation_story_7233342.utf8	59	4.706102	shuvam
189	Q0	1100224_opinion_story_12141704.utf8	60	4.703693	shuvam
189	Q0	1021226_foreign_story_1515974.utf8	61	4.696641	shuvam
189	Q0	1090918_opinion_story_11508022.utf8	62	4.670965	shuvam
189	Q0	1031204_opinion_story_2642808.utf8	63	4.651584	shuvam
189	Q0	1080201_nation_story_8850095.utf8	64	4.643041	shuvam
189	Q0	1080628_calcutta_story_9473384.utf8	65	4.637084	shuvam
189	Q0	1080123_opinion_story_8815630.utf8	66	4.627978	shuvam
189	Q0	1090429_opinion_story_10891224.utf8	67	4.612089	shuvam
189	Q0	1040920_nation_story_3779601.utf8	68	4.611256	shuvam
189	Q0	1050716_nation_story_4996572.utf8	69	4.610285	shuvam
189	Q0	1021004_nation_story_1261480.utf8	70	4.600541	shuvam
189	Q0	1100131_nation_story_12048940.utf8	71	4.598805	shuvam
189	Q0	1050926_nation_story_5284966.utf8	72	4.590875	shuvam
189	Q0	en.15.100.3.2008.12.13	73	4.584149	shuvam
189	Q0	1041025_nation_story_3921291.utf8	74	4.581454	shuvam
189	Q0	1060907_nation_story_6711030.utf8	75	4.577692	shuvam
189	Q0	1090408_nation_story_10791373.utf8	76	4.561207	shuvam
189	Q0	1040123_nation_story_2817253.utf8	77	4.558858	shuvam
189	Q0	1101003_bengal_story_13011089.utf8	78	4.554464	shuvam
189	Q0	1060131_opinion_story_5771626.utf8	79	4.553096	shuvam
189	Q0	1021117_nation_story_1393065.utf8	80	4.551197	shuvam
189	Q0	1101230_bengal_story_13369388.utf8	81	4.547387	shuvam
189	Q0	1101001_calcutta_story_13001424.utf8	82	4.537512	shuvam
189	Q0	1080925_nation_story_9884806.utf8	83	4.528848	shuvam
189	Q0	1050629_calcutta_story_4925421.utf8	84	4.524663	shuvam
189	Q0	1090428_frontpage_story_10887072.utf8	85	4.521299	shuvam
189	Q0	1091029_opinion_story_11665577.utf8	86	4.514983	shuvam
189	Q0	1021011_opinion_story_1230794.utf8	87	4.502427	shuvam
189	Q0	1100713_calcutta_story_12677402.utf8	88	4.495114	shuvam
189	Q0	1030331_opinion_story_1821338.utf8	89	4.487919	shuvam
189	Q0	1030913_opinion_story_2305930.utf8	90	4.482321	shuvam
189	Q0	1081002_nation_story_9918247.utf8	91	4.474955	shuvam
189	Q0	en.15.104.282.2009.1.10	92	4.467634	shuvam
189	Q0	1040605_bengal_story_3334865.utf8	93	4.462910	shuvam
189	Q0	1100623_calcutta_story_12593281.utf8	94	4.462206	shuvam
189	Q0	1051231_nation_story_5665124.utf8	95	4.462206	shuvam
189	Q0	1070719_calcutta_story_8075455.utf8	96	4.462206	shuvam
189	Q0	1090930_opinion_story_11556127.utf8	97	4.461878	shuvam
189	Q0	1040919_nation_story_3776515.utf8	98	4.460298	shuvam
189	Q0	1100505_opinion_story_12413472.utf8	99	4.454397	shuvam
189	Q0	1070228_calcutta_story_7448492.utf8	100	4.453286	shuvam
190	Q0	1090911_nation_story_11479963.utf8	1	10.966390	shuvam
190	Q0	1061011_nation_story_6855101.utf8	2	10.459467	shuvam
190	Q0	1090901_frontpage_story_11434260.utf8	3	10.445695	shuvam
190	Q0	1090821_frontpage_story_11390347.utf8	4	10.368550	shuvam
190	Q0	1090821_nation_story_11390493.utf8	5	10.355888	shuvam
190	Q0	1090910_frontpage_story_11475396.utf8	6	10.070813	shuvam
190	Q0	1090824_nation_story_11400708.utf8	7	9.314482	shuvam
190	Q0	1090611_nation_story_11094005.utf8	8	8.733679	shuvam
190	Q0	1060627_nation_story_6405952.utf8	9	8.670600	shuvam
190	Q0	1090820_nation_story_11385827.utf8	10	8.665758	shuvam
190	Q0	1080327_nation_story_9062265.utf8	11	8.641636	shuvam
190	Q0	1090613_nation_story_11104850.utf8	12	8.592814	shuvam
190	Q0	1090828_nation_story_11419250.utf8	13	8.579961	shuvam
190	Q0	1090926_nation_story_11542906.utf8	14	8.566056	shuvam
190	Q0	1071106_nation_story_8516634.utf8	15	8.559851	shuvam
190	Q0	1060501_nation_story_6167958.utf8	16	8.543295	shuvam
190	Q0	1090824_nation_story_11400712.utf8	17	8.526289	shuvam
190	Q0	1080325_nation_story_9054222.utf8	18	8.472427	shuvam
190	Q0	1090823_opinion_story_11389177.utf8	19	8.413692	shuvam
190	Q0	1060503_opinion_story_6172207.utf8	20	8.405966	shuvam
190	Q0	1090926_nation_story_11544702.utf8	21	8.403294	shuvam
190	Q0	1100611_nation_story_12553470.utf8	22	8.362237	shuvam
190	Q0	1060807_nation_story_6578468.utf8	23	8.358803	shuvam
190	Q0	1100617_nation_story_12574911.utf8	24	8.356039	shuvam
190	Q0	1060731_nation_story_6547560.utf8	25	8.327492	shuvam
190	Q0	1091217_nation_story_11876616.utf8	26	8.322716	shuvam
190	Q0	1090403_frontpage_story_10767399.utf8	27	8.302298	shuvam
190	Q0	1100625_nation_story_12604523.utf8	28	8.297236	shuvam
190	Q0	1090829_frontpage_story_11424665.utf8	29	8.278245	shuvam
190	Q0	1090908_nation_story_11464112.utf8	30	8.270623	shuvam
190	Q0	1090826_nation_story_11410015.utf8	31	8.255164	shuvam
190	Q0	1060804_nation_story_6566888.utf8	32	8.253374	shuvam
190	Q0	1090404_bengal_story_10772589.utf8	33	8.198485	shuvam
190	Q0	1090820_frontpage_story_11385906.utf8	34	8.148012	shuvam
190	Q0	1080309_nation_story_8998222.utf8	35	8.144305	shuvam
190	Q0	1090818_nation_story_11372002.utf8	36	8.127680	shuvam
190	Q0	1090430_opinion_story_10893063.utf8	37	8.123347	shuvam
190	Q0	1060801_nation_story_6552838.utf8	38	8.120050	shuvam
190	Q0	1090828_bengal_story_11419730.utf8	39	8.117291	shuvam
190	Q0	1060725_frontpage_story_6521871.utf8	40	8.117136	shuvam
190	Q0	1060804_nation_story_6566804.utf8	41	8.058704	shuvam
190	Q0	1071103_nation_story_8506324.utf8	42	8.044900	shuvam
190	Q0	1031213_nation_story_2675406.utf8	43	8.038166	shuvam
190	Q0	1050718_nation_story_5002238.utf8	44	8.028167	shuvam
190	Q0	1090823_nation_story_11397881.utf8	45	8.007915	shuvam
190	Q0	1100422_nation_story_12367602.utf8	46	7.999060	shuvam
190	Q0	1060122_nation_story_5751723.utf8	47	7.987925	shuvam
190	Q0	1051127_nation_story_5527754.utf8	48	7.980875	shuvam
190	Q0	1080707_nation_story_9514383.utf8	49	7.974876	shuvam
190	Q0	1090404_frontpage_story_10772431.utf8	50	7.966304	shuvam
190	Q0	1060803_nation_story_6562558.utf8	51	7.959222	shuvam
190	Q0	1060802_frontpage_story_6557676.utf8	52	7.949114	shuvam
190	Q0	1090820_nation_story_11385828.utf8	53	7.935843	shuvam
190	Q0	1060709_nation_story_6452127.utf8	54	7.924319	shuvam
190	Q0	1090915_nation_story_11496310.utf8	55	7.915412	shuvam
190	Q0	1040111_nation_story_2774533.utf8	56	7.912715	shuvam
190	Q0	1080707_bengal_story_9514711.utf8	57	7.905409	shuvam
190	Q0	1090821_opinion_story_11389688.utf8	58	7.888714	shuvam
190	Q0	1090707_frontpage_story_11205622.utf8	59	7.875263	shuvam
190	Q0	1070527_nation_story_7835773.utf8	60	7.871936	shuvam
190	Q0	1080429_nation_story_9202690.utf8	61	7.870855	shuvam
190	Q0	1040627_nation_story_3422816.utf8	62	7.863539	shuvam
190	Q0	1090826_nation_story_11410020.utf8	63	7.843678	shuvam
190	Q0	1101111_nation_story_13164018.utf8	64	7.820482	shuvam
190	Q0	1090522_bengal_story_11004620.utf8	65	7.777375	shuvam
190	Q0	1050413_nation_story_4609093.utf8	66	7.711296	shuvam
190	Q0	1060306_nation_story_5930967.utf8	67	7.710155	shuvam
190	Q0	1090820_frontpage_story_11385893.utf8	68	7.664293	shuvam
190	Q0	1030301_frontpage_index.utf8	69	7.649325	shuvam
190	Q0	1080706_nation_story_9510963.utf8	70	7.623385	shuvam
190	Q0	1090820_nation_story_11385825.utf8	71	7.595558	shuvam
190	Q0	1060723_nation_story_6514132.utf8	72	7.585299	shuvam
190	Q0	1071102_nation_story_8501813.utf8	73	7.574146	shuvam
190	Q0	1090221_nation_story_10569832.utf8	74	7.548621	shuvam
190	Q0	1090408_bengal_story_10791353.utf8	75	7.530599	shuvam
190	Q0	1051130_nation_story_5540033.utf8	76	7.509882	shuvam
190	Q0	1090725_nation_story_11280677.utf8	77	7.501372	shuvam
190	Q0	1090621_frontpage_story_11139769.utf8	78	7.498482	shuvam
190	Q0	1060422_nation_story_6129755.utf8	79	7.486728	shuvam
190	Q0	1080812_nation_story_9680236.utf8	80	7.478368	shuvam
190	Q0	1090828_frontpage_story_11419495.utf8	81	7.458170	shuvam
190	Q0	1030106_frontpage_story_1547307.utf8	82	7.457602	shuvam
190	Q0	1090425_frontpage_story_10874355.utf8	83	7.452525	shuvam
190	Q0	1091105_nation_story_11699966.utf8	84	7.446364	shuvam
190	Q0	1030119_frontpage_story_1587815.utf8	85	7.445953	shuvam
190	Q0	1090902_nation_story_11439586.utf8	86	7.445412	shuvam
190	Q0	1060813_nation_story_6605685.utf8	87	7.445362	shuvam
190	Q0	1040826_nation_story_3676709.utf8	88	7.440413	shuvam
190	Q0	1040818_nation_story_3639377.utf8	89	7.435399	shuvam
190	Q0	1081001_nation_story_9912951.utf8	90	7.424007	shuvam
190	Q0	1060729_nation_story_6540812.utf8	91	7.420680	shuvam
190	Q0	1050913_frontpage_story_5231447.utf8	92	7.406657	shuvam
190	Q0	1060727_nation_story_6529922.utf8	93	7.400156	shuvam
190	Q0	1090517_nation_story_10979043.utf8	94	7.380173	shuvam
190	Q0	1090830_opinion_story_11425140.utf8	95	7.364941	shuvam
190	Q0	1060724_nation_story_6516643.utf8	96	7.359409	shuvam
190	Q0	1040721_nation_story_3522701.utf8	97	7.347342	shuvam
190	Q0	1060726_frontpage_story_6526520.utf8	98	7.335904	shuvam
190	Q0	1070728_nation_story_8117405.utf8	99	7.307372	shuvam
190	Q0	1080501_frontpage_story_9213677.utf8	100	7.304176	shuvam
191	Q0	1091222_frontpage_story_11895208.utf8	1	7.299164	shuvam
191	Q0	1050217_bengal_story_4389253.utf8	2	7.189088	shuvam
191	Q0	1091225_opinion_story_11881951.utf8	3	7.157710	shuvam
191	Q0	1050217_nation_story_4389195.utf8	4	7.022797	shuvam
191	Q0	1100223_frontpage_story_12139425.utf8	5	6.989230	shuvam
191	Q0	1081030_opinion_story_10001146.utf8	6	6.905354	shuvam
191	Q0	1090713_bengal_story_11229721.utf8	7	6.876401	shuvam
191	Q0	1030907_bengal_story_2341539.utf8	8	6.843547	shuvam
191	Q0	1091212_nation_story_11855081.utf8	9	6.807431	shuvam
191	Q0	1080306_bengal_story_8987054.utf8	10	6.804328	shuvam
191	Q0	1080702_bengal_story_9493021.utf8	11	6.793560	shuvam
191	Q0	1080611_opinion_story_9391814.utf8	12	6.765570	shuvam
191	Q0	1080628_frontpage_story_9476037.utf8	13	6.745095	shuvam
191	Q0	1080307_frontpage_story_8991128.utf8	14	6.655222	shuvam
191	Q0	1091220_bengal_story_11888671.utf8	15	6.578397	shuvam
191	Q0	1080703_opinion_story_9493869.utf8	16	6.563956	shuvam
191	Q0	1090209_opinion_story_10504396.utf8	17	6.520365	shuvam
191	Q0	1100218_bengal_story_12120589.utf8	18	6.506474	shuvam
191	Q0	1080802_bengal_story_9636694.utf8	19	6.496354	shuvam
191	Q0	1040515_bengal_story_3250278.utf8	20	6.496354	shuvam
191	Q0	1090916_bengal_story_11501734.utf8	21	6.492042	shuvam
191	Q0	1090820_nation_story_11385828.utf8	22	6.458410	shuvam
191	Q0	1080403_opinion_story_9086828.utf8	23	6.448806	shuvam
191	Q0	1090713_frontpage_story_11229088.utf8	24	6.448688	shuvam
191	Q0	1090723_bengal_story_11272261.utf8	25	6.442642	shuvam
191	Q0	1090729_opinion_story_11291917.utf8	26	6.440135	shuvam
191	Q0	1090403_frontpage_story_10767399.utf8	27	6.436147	shuvam
191	Q0	1091217_bengal_story_11876536.utf8	28	6.428490	shuvam
191	Q0	1080609_frontpage_story_9385545.utf8	29	6.413572	shuvam
191	Q0	1080306_frontpage_story_8985617.utf8	30	6.376682	shuvam
191	Q0	1090108_bengal_story_10359907.utf8	31	6.372973	shuvam
191	Q0	1100303_frontpage_story_12169921.utf8	32	6.352936	shuvam
191	Q0	1080328_frontpage_story_9066954.utf8	33	6.321903	shuvam
191	Q0	1081021_opinion_story_9990632.utf8	34	6.318152	shuvam
191	Q0	1080909_frontpage_story_9808062.utf8	35	6.293311	shuvam
191	Q0	1080828_frontpage_story_9751502.utf8	36	6.278697	shuvam
191	Q0	1080828_nation_story_9754024.utf8	37	6.278697	shuvam
191	Q0	1080615_frontpage_story_9414048.utf8	38	6.268645	shuvam
191	Q0	1100531_frontpage_story_12505633.utf8	39	6.246397	shuvam
191	Q0	1081211_frontpage_story_10236674.utf8	40	6.221060	shuvam
191	Q0	1090722_nation_story_11266998.utf8	41	6.215631	shuvam
191	Q0	1100213_frontpage_story_12100647.utf8	42	6.205421	shuvam
191	Q0	1090828_frontpage_story_11419299.utf8	43	6.188962	shuvam
191	Q0	1090828_frontpage_story_11419495.utf8	44	6.188962	shuvam
191	Q0	1100522_opinion_story_12463238.utf8	45	6.139858	shuvam
191	Q0	1080109_nation_story_8759775.utf8	46	6.102219	shuvam
191	Q0	1050416_bengal_story_4622084.utf8	47	6.094215	shuvam
191	Q0	1090117_bengal_story_10402830.utf8	48	6.081820	shuvam
191	Q0	1030909_opinion_story_2346271.utf8	49	6.058539	shuvam
191	Q0	1080307_bengal_story_8991181.utf8	50	6.058539	shuvam
191	Q0	1100129_frontpage_story_12041782.utf8	51	6.031628	shuvam
191	Q0	1090828_bengal_story_11419730.utf8	52	6.017890	shuvam
191	Q0	1080610_bengal_story_9390492.utf8	53	6.002227	shuvam
191	Q0	1090818_opinion_story_11366990.utf8	54	6.000329	shuvam
191	Q0	1080710_bengal_story_9529995.utf8	55	5.969331	shuvam
191	Q0	1080308_frontpage_story_8995383.utf8	56	5.956082	shuvam
191	Q0	1090122_bengal_story_10424802.utf8	57	5.916052	shuvam
191	Q0	en.15.72.138.2008.6.24	58	5.898577	shuvam
191	Q0	1090728_opinion_story_11220835.utf8	59	5.885983	shuvam
191	Q0	1081022_opinion_story_9999348.utf8	60	5.869259	shuvam
191	Q0	1080304_frontpage_story_8976695.utf8	61	5.851640	shuvam
191	Q0	1040504_bengal_story_3204222.utf8	62	5.851640	shuvam
191	Q0	1100317_frontpage_story_12225766.utf8	63	5.845132	shuvam
191	Q0	1100303_nation_story_12170577.utf8	64	5.826923	shuvam
191	Q0	1080629_nation_story_9479256.utf8	65	5.805453	shuvam
191	Q0	1100514_nation_story_12448116.utf8	66	5.805453	shuvam
191	Q0	1090417_bengal_story_10834902.utf8	67	5.797392	shuvam
191	Q0	1090205_nation_story_10488284.utf8	68	5.785276	shuvam
191	Q0	1090108_bengal_story_10359911.utf8	69	5.785276	shuvam
191	Q0	1080617_frontpage_story_9422635.utf8	70	5.785276	shuvam
191	Q0	1100212_bengal_story_12096876.utf8	71	5.781890	shuvam
191	Q0	1090404_bengal_story_10772589.utf8	72	5.778419	shuvam
191	Q0	1080306_nation_story_8986393.utf8	73	5.768815	shuvam
191	Q0	1080820_bengal_story_9717062.utf8	74	5.768815	shuvam
191	Q0	en.15.91.128.2008.10.23	75	5.760000	shuvam
191	Q0	1080628_bengal_story_9476065.utf8	76	5.760000	shuvam
191	Q0	1080526_bengal_story_9321918.utf8	77	5.759234	shuvam
191	Q0	1090404_frontpage_story_10772431.utf8	78	5.716803	shuvam
191	Q0	1091022_nation_story_11644080.utf8	79	5.704365	shuvam
191	Q0	1090715_opinion_story_11235636.utf8	80	5.697482	shuvam
191	Q0	1091223_bengal_story_11899305.utf8	81	5.687819	shuvam
191	Q0	1091026_bengal_story_11658970.utf8	82	5.671220	shuvam
191	Q0	1100506_frontpage_story_12417840.utf8	83	5.671220	shuvam
191	Q0	1080227_opinion_story_8946263.utf8	84	5.657410	shuvam
191	Q0	1090418_opinion_story_10833989.utf8	85	5.625209	shuvam
191	Q0	1080612_frontpage_story_9400212.utf8	86	5.585167	shuvam
191	Q0	1080304_bengal_story_8978429.utf8	87	5.567977	shuvam
191	Q0	1090716_bengal_story_11243543.utf8	88	5.544657	shuvam
191	Q0	1080614_bengal_story_9408721.utf8	89	5.530293	shuvam
191	Q0	1030901_bengal_story_2321055.utf8	90	5.520101	shuvam
191	Q0	1090723_nation_story_11270607.utf8	91	5.513032	shuvam
191	Q0	1050510_bengal_story_4720092.utf8	92	5.488358	shuvam
191	Q0	1080311_bengal_story_9005343.utf8	93	5.479729	shuvam
191	Q0	1040508_bengal_story_3221959.utf8	94	5.479729	shuvam
191	Q0	1071221_opinion_story_8691198.utf8	95	5.474757	shuvam
191	Q0	1100316_frontpage_story_12221510.utf8	96	5.469347	shuvam
191	Q0	1050208_opinion_story_4281804.utf8	97	5.465178	shuvam
191	Q0	1050421_opinion_story_4639220.utf8	98	5.435985	shuvam
191	Q0	1090206_bengal_story_10491269.utf8	99	5.430090	shuvam
191	Q0	1080627_frontpage_story_9470922.utf8	100	5.426955	shuvam
192	Q0	1090303_frontpage_story_10617635.utf8	1	12.504509	shuvam
192	Q0	en.15.114.95.2009.3.3	2	11.563967	shuvam
192	Q0	en.15.114.468.2009.3.3	3	11.487284	shuvam
192	Q0	en.3.326.208.2009.9.7	4	11.438482	shuvam
192	Q0	1090401_sports_story_10754363.utf8	5	11.266114	shuvam
192	Q0	1090307_sports_story_10636264.utf8	6	11.243597	shuvam
192	Q0	en.15.114.52.2009.3.3	7	11.218855	shuvam
192	Q0	en.15.114.67.2009.3.3	8	11.218855	shuvam
192	Q0	en.15.114.69.2009.3.4	9	11.202611	shuvam
192	Q0	en.15.102.237.2008.12.27	10	11.163998	shuvam
192	Q0	en.15.114.351.2009.3.3	11	11.147587	shuvam
192	Q0	1090304_nation_story_10621926.utf8	12	11.144033	shuvam
192	Q0	en.15.114.356.2009.3.6	13	10.985638	shuvam
192	Q0	en.15.114.429.2009.3.5	14	10.878159	shuvam
192	Q0	en.15.114.200.2009.3.3	15	10.867570	shuvam
192	Q0	en.15.114.184.2009.3.4	16	10.860518	shuvam
192	Q0	en.15.114.379.2009.3.4	17	10.860518	shuvam
192	Q0	1090402_sports_story_10760145.utf8	18	10.855316	shuvam
192	Q0	en.15.114.362.2009.3.3	19	10.826898	shuvam
192	Q0	en.15.114.204.2009.3.3	20	10.791032	shuvam
192	Q0	1090304_sports_story_10622079.utf8	21	10.784619	shuvam
192	Q0	en.15.114.211.2009.3.3	22	10.764280	shuvam
192	Q0	1090304_nation_story_10621927.utf8	23	10.756603	shuvam
192	Q0	en.15.114.409.2009.3.4	24	10.749900	shuvam
192	Q0	en.15.113.401.2009.3.7	25	10.719259	shuvam
192	Q0	en.15.114.169.2009.3.6	26	10.658997	shuvam
192	Q0	1090305_opinion_story_10623200.utf8	27	10.656308	shuvam
192	Q0	en.15.114.435.2009.3.3	28	10.624950	shuvam
192	Q0	en.15.114.78.2009.3.5	29	10.606600	shuvam
192	Q0	1080203_sports_story_8857393.utf8	30	10.589992	shuvam
192	Q0	1100304_sports_story_12174146.utf8	31	10.572107	shuvam
192	Q0	1090304_sports_story_10619935.utf8	32	10.565145	shuvam
192	Q0	1100304_sports_story_12172699.utf8	33	10.533669	shuvam
192	Q0	en.15.114.310.2009.3.5	34	10.483184	shuvam
192	Q0	1090305_opinion_story_10624386.utf8	35	10.462875	shuvam
192	Q0	en.15.114.30.2009.3.3	36	10.444130	shuvam
192	Q0	en.15.114.91.2009.3.3	37	10.394618	shuvam
192	Q0	1021219_sports_story_1495975.utf8	38	10.328768	shuvam
192	Q0	en.2.268.465.2009.6.22	39	10.295273	shuvam
192	Q0	1090309_sports_story_10646750.utf8	40	10.292274	shuvam
192	Q0	1100818_sports_story_12823604.utf8	41	10.275148	shuvam
192	Q0	1090304_nation_story_10622072.utf8	42	10.272074	shuvam
192	Q0	en.15.114.364.2009.3.3	43	10.248914	shuvam
192	Q0	en.15.114.257.2009.3.4	44	10.230773	shuvam
192	Q0	1100812_sports_story_12800555.utf8	45	10.230183	shuvam
192	Q0	1090304_sports_story_10621469.utf8	46	10.218912	shuvam
192	Q0	en.15.114.391.2009.3.3	47	10.170380	shuvam
192	Q0	1090310_frontpage_story_10651301.utf8	48	10.165866	shuvam
192	Q0	en.15.114.73.2009.3.4	49	10.157315	shuvam
192	Q0	en.15.114.491.2009.3.3	50	10.119237	shuvam
192	Q0	en.15.114.488.2009.3.4	51	10.115771	shuvam
192	Q0	1090114_sports_story_10387553.utf8	52	10.107368	shuvam
192	Q0	en.15.114.99.2009.3.3	53	10.099882	shuvam
192	Q0	1101212_sports_story_13290030.utf8	54	10.096596	shuvam
192	Q0	en.15.114.490.2009.3.5	55	10.073941	shuvam
192	Q0	1090716_sports_story_11243590.utf8	56	10.055796	shuvam
192	Q0	en.15.113.1.2009.3.8	57	10.051837	shuvam
192	Q0	1080922_sports_story_9868674.utf8	58	10.035565	shuvam
192	Q0	en.15.114.462.2009.3.3	59	10.026825	shuvam
192	Q0	en.15.114.105.2009.3.4	60	10.011521	shuvam
192	Q0	1100825_opinion_story_12830880.utf8	61	9.991029	shuvam
192	Q0	1090325_sports_story_10717535.utf8	62	9.953512	shuvam
192	Q0	1041230_sports_story_4191363.utf8	63	9.951155	shuvam
192	Q0	en.15.114.111.2009.3.3	64	9.914938	shuvam
192	Q0	1030329_sports_story_1819485.utf8	65	9.896140	shuvam
192	Q0	1100728_sports_story_12739734.utf8	66	9.894012	shuvam
192	Q0	en.15.101.411.2008.12.19	67	9.882140	shuvam
192	Q0	1090305_nation_story_10627218.utf8	68	9.836386	shuvam
192	Q0	1060817_sports_story_6620263.utf8	69	9.817773	shuvam
192	Q0	1090307_sports_story_10635977.utf8	70	9.812539	shuvam
192	Q0	1100820_opinion_story_12829910.utf8	71	9.764467	shuvam
192	Q0	en.15.114.119.2009.3.5	72	9.736098	shuvam
192	Q0	1090308_sports_story_10642528.utf8	73	9.732986	shuvam
192	Q0	1091202_sports_story_11810325.utf8	74	9.710936	shuvam
192	Q0	1090305_sports_story_10624439.utf8	75	9.671865	shuvam
192	Q0	1070315_sports_story_7519616.utf8	76	9.670107	shuvam
192	Q0	en.15.117.220.2009.4.2	77	9.669470	shuvam
192	Q0	en.3.400.258.2007.10.24	78	9.669115	shuvam
192	Q0	1090601_sports_story_11046389.utf8	79	9.596517	shuvam
192	Q0	1040517_sports_story_3256724.utf8	80	9.588484	shuvam
192	Q0	en.15.114.71.2009.3.3	81	9.578050	shuvam
192	Q0	en.15.114.68.2009.3.4	82	9.569835	shuvam
192	Q0	en.2.268.121.2009.6.22	83	9.562247	shuvam
192	Q0	1030310_sports_story_1752512.utf8	84	9.554030	shuvam
192	Q0	1091124_sports_story_11778215.utf8	85	9.538614	shuvam
192	Q0	1021001_sports_story_1251439.utf8	86	9.500580	shuvam
192	Q0	1090330_sports_story_10744576.utf8	87	9.491369	shuvam
192	Q0	1090306_sports_story_10631436.utf8	88	9.488457	shuvam
192	Q0	1090321_foreign_story_10702432.utf8	89	9.469911	shuvam
192	Q0	en.2.268.357.2009.6.22	90	9.458823	shuvam
192	Q0	1030117_sports_story_1582163.utf8	91	9.424990	shuvam
192	Q0	1090305_sports_story_10627795.utf8	92	9.421241	shuvam
192	Q0	1090304_frontpage_story_10622505.utf8	93	9.402545	shuvam
192	Q0	1100911_sports_story_12921325.utf8	94	9.347049	shuvam
192	Q0	1090704_sports_story_11195187.utf8	95	9.320627	shuvam
192	Q0	1090304_nation_index.utf8	96	9.318501	shuvam
192	Q0	1060820_opinion_story_6630963.utf8	97	9.316228	shuvam
192	Q0	en.15.114.492.2009.3.3	98	9.306111	shuvam
192	Q0	1031223_sports_story_2709828.utf8	99	9.285339	shuvam
192	Q0	en.15.192.18.2007.6.22	100	9.271049	shuvam
193	Q0	1080319_foreign_story_9035920.utf8	1	7.132375	shuvam
193	Q0	en.15.70.405.2008.6.11	2	6.057453	shuvam
193	Q0	en.15.251.428.2008.3.19	3	5.823131	shuvam
193	Q0	1101219_calcutta_story_13317319.utf8	4	5.768447	shuvam
193	Q0	1050830_calcutta_story_5171063.utf8	5	5.536706	shuvam
193	Q0	1041004_nation_story_3837455.utf8	6	5.388264	shuvam
193	Q0	1070508_calcutta_story_7745294.utf8	7	5.373529	shuvam
193	Q0	en.15.251.124.2008.3.18	8	5.370344	shuvam
193	Q0	en.15.82.432.2008.8.30	9	5.316445	shuvam
193	Q0	1080320_foreign_story_9039820.utf8	10	5.301241	shuvam
193	Q0	en.15.155.173.2009.12.10	11	5.277275	shuvam
193	Q0	1031114_nation_story_2570231.utf8	12	5.251566	shuvam
193	Q0	1050504_nation_story_4693507.utf8	13	5.186363	shuvam
193	Q0	en.15.77.276.2008.7.23	14	5.150455	shuvam
193	Q0	1050322_calcutta_story_4523837.utf8	15	5.068496	shuvam
193	Q0	1101206_opinion_story_13235418.utf8	16	5.013836	shuvam
193	Q0	1090604_nation_story_11061731.utf8	17	5.011850	shuvam
193	Q0	1100106_nation_story_11947554.utf8	18	4.989462	shuvam
193	Q0	1040214_nation_story_2894578.utf8	19	4.926664	shuvam
193	Q0	1050328_opinion_story_4532939.utf8	20	4.925026	shuvam
193	Q0	1091228_frontpage_story_11915476.utf8	21	4.884358	shuvam
193	Q0	en.15.106.117.2009.1.24	22	4.883641	shuvam
193	Q0	1090531_frontpage_story_11043638.utf8	23	4.880342	shuvam
193	Q0	en.3.383.98.2007.8.1	24	4.791389	shuvam
193	Q0	1080610_frontpage_story_9390478.utf8	25	4.776863	shuvam
193	Q0	1080802_nation_story_9636274.utf8	26	4.774297	shuvam
193	Q0	1030517_opinion_story_1975372.utf8	27	4.756535	shuvam
193	Q0	1080712_opinion_story_9536509.utf8	28	4.752415	shuvam
193	Q0	1080319_foreign_index.utf8	29	4.748820	shuvam
193	Q0	en.3.381.106.2007.7.21	30	4.703937	shuvam
193	Q0	en.3.380.295.2007.7.19	31	4.677696	shuvam
193	Q0	1070415_foreign_story_7649823.utf8	32	4.676252	shuvam
193	Q0	en.15.116.100.2009.2.17	33	4.666446	shuvam
193	Q0	1081227_opinion_story_10301454.utf8	34	4.665500	shuvam
193	Q0	en.15.104.26.2009.1.9	35	4.663432	shuvam
193	Q0	1090602_opinion_story_11048490.utf8	36	4.634864	shuvam
193	Q0	1060906_opinion_story_6703634.utf8	37	4.633663	shuvam
193	Q0	1030312_opinion_story_1755048.utf8	38	4.630081	shuvam
193	Q0	1080722_nation_story_9583080.utf8	39	4.619231	shuvam
193	Q0	1090830_opinion_story_11413497.utf8	40	4.600882	shuvam
193	Q0	1091228_nation_story_11914742.utf8	41	4.595284	shuvam
193	Q0	1021212_nation_story_1471754.utf8	42	4.585187	shuvam
193	Q0	1061226_foreign_story_7184919.utf8	43	4.579269	shuvam
193	Q0	en.3.381.449.2007.7.25	44	4.578695	shuvam
193	Q0	1050408_nation_story_4588652.utf8	45	4.576864	shuvam
193	Q0	en.3.326.401.2009.9.3	46	4.576717	shuvam
193	Q0	1031104_nation_story_2532380.utf8	47	4.544965	shuvam
193	Q0	1031025_nation_story_2498096.utf8	48	4.540416	shuvam
193	Q0	1021028_foreign_story_1331915.utf8	49	4.538598	shuvam
193	Q0	en.3.388.431.2007.8.31	50	4.527758	shuvam
193	Q0	1100224_frontpage_story_12145144.utf8	51	4.512764	shuvam
193	Q0	1040630_foreign_story_3434454.utf8	52	4.504095	shuvam
193	Q0	1050329_calcutta_story_4544157.utf8	53	4.499036	shuvam
193	Q0	1090728_calcutta_story_11290990.utf8	54	4.498817	shuvam
193	Q0	1030609_nation_story_2050260.utf8	55	4.494187	shuvam
193	Q0	en.15.105.112.2009.1.19	56	4.475412	shuvam
193	Q0	en.15.106.365.2009.1.25	57	4.460857	shuvam
193	Q0	en.15.106.227.2009.1.24	58	4.455297	shuvam
193	Q0	1060713_calcutta_story_6469313.utf8	59	4.454672	shuvam
193	Q0	en.15.106.387.2009.1.25	60	4.451096	shuvam
193	Q0	1060930_business_story_6812691.utf8	61	4.441925	shuvam
193	Q0	1050916_frontpage_story_5245786.utf8	62	4.421413	shuvam
193	Q0	en.3.381.130.2007.7.23	63	4.418358	shuvam
193	Q0	1040419_frontpage_story_3144783.utf8	64	4.416469	shuvam
193	Q0	en.15.61.170.2008.4.15	65	4.410152	shuvam
193	Q0	en.15.61.387.2008.4.15	66	4.410152	shuvam
193	Q0	en.15.106.399.2009.1.25	67	4.408274	shuvam
193	Q0	1060911_opinion_story_6704965.utf8	68	4.405850	shuvam
193	Q0	1040311_opinion_story_2987770.utf8	69	4.404965	shuvam
193	Q0	1060415_sports_story_6101820.utf8	70	4.404324	shuvam
193	Q0	en.15.117.403.2009.2.21	71	4.403996	shuvam
193	Q0	1031118_opinion_story_2448169.utf8	72	4.400037	shuvam
193	Q0	en.15.91.245.2008.10.22	73	4.396441	shuvam
193	Q0	en.15.74.218.2008.7.6	74	4.395909	shuvam
193	Q0	1080802_frontpage_story_9636730.utf8	75	4.389984	shuvam
193	Q0	en.15.106.307.2009.1.25	76	4.389836	shuvam
193	Q0	en.3.403.27.2007.11.5	77	4.379794	shuvam
193	Q0	1041105_nation_story_3968317.utf8	78	4.368996	shuvam
193	Q0	1051102_opinion_story_5422887.utf8	79	4.361013	shuvam
193	Q0	1081102_foreign_story_10050244.utf8	80	4.357645	shuvam
193	Q0	1050504_foreign_story_4693329.utf8	81	4.357645	shuvam
193	Q0	en.15.98.198.2008.11.27	82	4.357414	shuvam
193	Q0	1040919_opinion_story_3775499.utf8	83	4.356545	shuvam
193	Q0	en.15.203.408.2007.8.22	84	4.354270	shuvam
193	Q0	1060830_frontpage_story_6676015.utf8	85	4.354270	shuvam
193	Q0	en.15.117.101.2009.2.22	86	4.353359	shuvam
193	Q0	1070627_nation_story_7977829.utf8	87	4.348870	shuvam
193	Q0	1040529_opinion_story_3299238.utf8	88	4.336021	shuvam
193	Q0	1090926_nation_story_11542906.utf8	89	4.335703	shuvam
193	Q0	en.15.105.457.2009.1.12	90	4.333601	shuvam
193	Q0	1041216_opinion_story_4128205.utf8	91	4.327945	shuvam
193	Q0	1031029_foreign_story_2511798.utf8	92	4.316473	shuvam
193	Q0	1050217_nation_story_4389668.utf8	93	4.315328	shuvam
193	Q0	en.15.136.202.2009.7.24	94	4.305242	shuvam
193	Q0	en.15.125.394.2009.5.17	95	4.293861	shuvam
193	Q0	1040907_frontpage_story_3727402.utf8	96	4.289621	shuvam
193	Q0	en.2.279.91.2009.8.28	97	4.283677	shuvam
193	Q0	1060830_calcutta_story_6664987.utf8	98	4.272326	shuvam
193	Q0	1040321_opinion_story_3029959.utf8	99	4.269039	shuvam
193	Q0	1040318_opinion_story_3015733.utf8	100	4.262592	shuvam
194	Q0	en.15.88.445.2008.10.6	1	13.733507	shuvam
194	Q0	en.3.408.234.2007.11.28	2	13.410494	shuvam
194	Q0	en.15.88.452.2008.10.9	3	12.675904	shuvam
194	Q0	en.15.155.279.2009.12.10	4	12.300772	shuvam
194	Q0	1081011_foreign_story_9952552.utf8	5	12.285287	shuvam
194	Q0	en.3.396.335.2007.10.9	6	12.285252	shuvam
194	Q0	en.15.212.448.2007.10.5	7	12.235548	shuvam
194	Q0	en.15.88.271.2008.10.9	8	12.081047	shuvam
194	Q0	1041211_foreign_story_4115292.utf8	9	11.865244	shuvam
194	Q0	1101220_opinion_story_13299079.utf8	10	11.783875	shuvam
194	Q0	1031207_foreign_story_2652943.utf8	11	11.552282	shuvam
194	Q0	1040326_frontpage_story_3049296.utf8	12	11.455646	shuvam
194	Q0	1101207_foreign_story_13267566.utf8	13	11.443122	shuvam
194	Q0	en.15.212.380.2007.10.8	14	11.412842	shuvam
194	Q0	1051012_frontpage_story_5348327.utf8	15	11.392759	shuvam
194	Q0	en.3.397.188.2007.10.11	16	11.310913	shuvam
194	Q0	en.3.376.87.2007.6.27	17	11.233262	shuvam
194	Q0	1101008_foreign_story_13032337.utf8	18	11.213372	shuvam
194	Q0	1031015_foreign_story_2462772.utf8	19	11.198382	shuvam
194	Q0	en.3.410.285.2007.12.7	20	11.115002	shuvam
194	Q0	1101009_opinion_story_13034033.utf8	21	11.015534	shuvam
194	Q0	en.3.331.487.2009.10.8	22	10.975409	shuvam
194	Q0	en.3.331.31.2009.10.8	23	10.928884	shuvam
194	Q0	1061013_foreign_story_6865279.utf8	24	10.745544	shuvam
194	Q0	1031211_foreign_story_2667143.utf8	25	10.744017	shuvam
194	Q0	1091013_frontpage_story_11608753.utf8	26	10.713363	shuvam
194	Q0	1071009_foreign_story_8413422.utf8	27	10.583060	shuvam
194	Q0	en.3.396.186.2007.10.9	28	10.557627	shuvam
194	Q0	1041207_calcutta_story_4097566.utf8	29	10.431678	shuvam
194	Q0	en.3.397.278.2007.10.11	30	10.290789	shuvam
194	Q0	en.3.397.285.2007.10.11	31	10.290789	shuvam
194	Q0	en.3.397.171.2007.10.14	32	10.245708	shuvam
194	Q0	1050512_calcutta_story_4730216.utf8	33	10.233509	shuvam
194	Q0	1071015_foreign_story_8435523.utf8	34	10.218996	shuvam
194	Q0	en.15.147.39.2009.10.5	35	10.009820	shuvam
194	Q0	en.15.190.288.2007.6.13	36	9.930989	shuvam
194	Q0	en.15.88.278.2008.10.7	37	9.903427	shuvam
194	Q0	1101119_foreign_story_13195043.utf8	38	9.792317	shuvam
194	Q0	en.15.147.290.2009.10.7	39	9.782944	shuvam
194	Q0	en.3.410.481.2007.12.9	40	9.770971	shuvam
194	Q0	en.3.397.426.2007.10.13	41	9.750592	shuvam
194	Q0	1031011_frontpage_story_2450354.utf8	42	9.720366	shuvam
194	Q0	1050407_foreign_story_4584644.utf8	43	9.694382	shuvam
194	Q0	en.15.88.375.2008.10.6	44	9.662497	shuvam
194	Q0	1031016_foreign_story_2466178.utf8	45	9.570080	shuvam
194	Q0	1021011_foreign_story_1282427.utf8	46	9.562651	shuvam
194	Q0	1051011_foreign_story_5344712.utf8	47	9.529846	shuvam
194	Q0	en.3.407.309.2007.11.27	48	9.422876	shuvam
194	Q0	1050213_frontpage_story_4373371.utf8	49	9.417759	shuvam
194	Q0	en.15.88.422.2008.10.8	50	9.368657	shuvam
194	Q0	en.15.147.409.2009.10.5	51	9.360021	shuvam
194	Q0	1091017_frontpage_story_11626020.utf8	52	9.354263	shuvam
194	Q0	en.15.78.26.2008.8.6	53	9.339024	shuvam
194	Q0	1060909_opinion_story_6715883.utf8	54	9.294029	shuvam
194	Q0	1101013_opinion_story_13044728.utf8	55	9.290374	shuvam
194	Q0	1051209_foreign_story_5578471.utf8	56	9.259597	shuvam
194	Q0	en.3.397.344.2007.10.10	57	9.251571	shuvam
194	Q0	1091211_frontpage_story_11850761.utf8	58	9.239282	shuvam
194	Q0	1031016_foreign_story_2466165.utf8	59	9.226715	shuvam
194	Q0	1030702_foreign_story_2124384.utf8	60	9.226663	shuvam
194	Q0	1030124_foreign_story_1602956.utf8	61	9.213820	shuvam
194	Q0	1091017_frontpage_story_11626163.utf8	62	9.211002	shuvam
194	Q0	en.3.403.304.2007.11.6	63	9.201571	shuvam
194	Q0	1091208_frontpage_story_11835987.utf8	64	9.183106	shuvam
194	Q0	en.3.392.268.2007.9.20	65	9.111540	shuvam
194	Q0	1060814_foreign_story_6609138.utf8	66	9.102781	shuvam
194	Q0	1091009_foreign_story_11593729.utf8	67	9.094018	shuvam
194	Q0	1091006_foreign_story_11579388.utf8	68	9.091322	shuvam
194	Q0	en.3.397.152.2007.10.12	69	9.071515	shuvam
194	Q0	1051124_foreign_story_5515416.utf8	70	9.068358	shuvam
194	Q0	en.2.291.469.2009.12.6	71	9.048317	shuvam
194	Q0	1081219_foreign_story_10273521.utf8	72	9.044163	shuvam
194	Q0	1101010_foreign_story_13040572.utf8	73	9.039690	shuvam
194	Q0	en.15.78.13.2008.8.4	74	9.036599	shuvam
194	Q0	1070601_foreign_story_7861071.utf8	75	9.036599	shuvam
194	Q0	en.3.397.147.2007.10.13	76	9.036165	shuvam
194	Q0	1061005_frontpage_story_6830069.utf8	77	8.972815	shuvam
194	Q0	en.15.212.35.2007.10.8	78	8.971086	shuvam
194	Q0	1080704_foreign_story_9502412.utf8	79	8.923586	shuvam
194	Q0	en.15.209.273.2007.9.18	80	8.903601	shuvam
194	Q0	1091010_frontpage_story_11598894.utf8	81	8.896997	shuvam
194	Q0	en.15.212.29.2007.10.5	82	8.894793	shuvam
194	Q0	1091013_opinion_story_11602884.utf8	83	8.888821	shuvam
194	Q0	en.3.363.103.2010.5.8	84	8.878066	shuvam
194	Q0	1021012_frontpage_story_1286080.utf8	85	8.851129	shuvam
194	Q0	1071013_frontpage_story_8429814.utf8	86	8.848027	shuvam
194	Q0	en.15.87.496.2008.9.30	87	8.801300	shuvam
194	Q0	1101207_foreign_index.utf8	88	8.784454	shuvam
194	Q0	1021012_nation_story_1286010.utf8	89	8.771680	shuvam
194	Q0	1061014_nation_story_6869624.utf8	90	8.732962	shuvam
194	Q0	en.15.110.415.2009.3.24	91	8.699454	shuvam
194	Q0	1091011_opinion_story_11599763.utf8	92	8.674015	shuvam
194	Q0	1081226_foreign_story_10303041.utf8	93	8.672445	shuvam
194	Q0	1040612_calcutta_story_3355151.utf8	94	8.655719	shuvam
194	Q0	1101213_opinion_story_13283366.utf8	95	8.650897	shuvam
194	Q0	1031011_foreign_story_2450423.utf8	96	8.638762	shuvam
194	Q0	1091008_frontpage_story_11590289.utf8	97	8.624285	shuvam
194	Q0	1041125_calcutta_story_4045993.utf8	98	8.624244	shuvam
194	Q0	en.3.410.367.2007.12.7	99	8.611025	shuvam
194	Q0	en.15.147.161.2009.10.6	100	8.589296	shuvam
195	Q0	1030727_sports_index.utf8	1	7.906723	shuvam
195	Q0	1030709_sports_story_2146415.utf8	2	7.106863	shuvam
195	Q0	1030726_sports_story_2202141.utf8	3	6.781069	shuvam
195	Q0	1050311_sports_story_4479538.utf8	4	6.524840	shuvam
195	Q0	1031112_opinion_story_2563356.utf8	5	6.407915	shuvam
195	Q0	1030709_sports_index.utf8	6	6.322104	shuvam
195	Q0	1030728_sports_index.utf8	7	6.319103	shuvam
195	Q0	1030802_opinion_story_2216612.utf8	8	6.274610	shuvam
195	Q0	1031009_nation_story_2442391.utf8	9	6.272651	shuvam
195	Q0	en.3.382.366.2007.7.30	10	6.208595	shuvam
195	Q0	1031003_nation_story_2424813.utf8	11	6.208595	shuvam
195	Q0	1041004_business_story_3838570.utf8	12	6.194422	shuvam
195	Q0	en.3.333.188.2009.10.23	13	6.171956	shuvam
195	Q0	1031214_sports_story_2677474.utf8	14	6.170512	shuvam
195	Q0	1031004_nation_story_2429110.utf8	15	6.139878	shuvam
195	Q0	1031007_nation_story_2435574.utf8	16	6.132666	shuvam
195	Q0	en.3.382.231.2007.7.29	17	6.112450	shuvam
195	Q0	1060314_business_story_5966264.utf8	18	6.112154	shuvam
195	Q0	1031008_foreign_story_2439672.utf8	19	6.099181	shuvam
195	Q0	1030628_sports_story_2112331.utf8	20	6.024651	shuvam
195	Q0	1080124_business_story_8820151.utf8	21	5.977540	shuvam
195	Q0	1030731_calcutta_story_2216852.utf8	22	5.975907	shuvam
195	Q0	1040211_sports_story_2883577.utf8	23	5.957954	shuvam
195	Q0	1030729_sports_story_2211462.utf8	24	5.941622	shuvam
195	Q0	1090519_sports_story_10988225.utf8	25	5.934931	shuvam
195	Q0	1030901_sports_story_2320994.utf8	26	5.806714	shuvam
195	Q0	1030905_frontpage_story_2335157.utf8	27	5.796375	shuvam
195	Q0	1031008_nation_story_2439487.utf8	28	5.787398	shuvam
195	Q0	en.15.229.183.2007.12.24	29	5.736192	shuvam
195	Q0	1030708_sports_story_2143007.utf8	30	5.695980	shuvam
195	Q0	en.15.125.167.2009.5.19	31	5.672153	shuvam
195	Q0	1030805_foreign_story_2233044.utf8	32	5.594417	shuvam
195	Q0	1030801_sports_story_2221345.utf8	33	5.575139	shuvam
195	Q0	en.2.289.378.2009.11.14	34	5.574619	shuvam
195	Q0	1021106_frontpage_story_1359261.utf8	35	5.547051	shuvam
195	Q0	1031111_sports_story_2558685.utf8	36	5.540733	shuvam
195	Q0	1050531_nation_story_4807889.utf8	37	5.531561	shuvam
195	Q0	en.3.406.356.2007.11.19	38	5.512105	shuvam
195	Q0	1021116_business_story_1390321.utf8	39	5.508354	shuvam
195	Q0	en.15.215.464.2007.10.22	40	5.496624	shuvam
195	Q0	1101031_frontpage_story_13122001.utf8	41	5.496624	shuvam
195	Q0	1021217_opinion_story_1444623.utf8	42	5.492785	shuvam
195	Q0	1091118_opinion_story_11750718.utf8	43	5.465373	shuvam
195	Q0	en.15.76.335.2008.7.22	44	5.460007	shuvam
195	Q0	en.15.210.469.2007.9.27	45	5.457138	shuvam
195	Q0	1040408_sports_story_3101061.utf8	46	5.444832	shuvam
195	Q0	1031010_opinion_story_2445562.utf8	47	5.443772	shuvam
195	Q0	1031120_sports_story_2591411.utf8	48	5.443690	shuvam
195	Q0	en.3.408.274.2007.11.30	49	5.431840	shuvam
195	Q0	1080829_business_story_9758713.utf8	50	5.431840	shuvam
195	Q0	1041201_opinion_story_4068984.utf8	51	5.431840	shuvam
195	Q0	1050126_business_story_4298325.utf8	52	5.427490	shuvam
195	Q0	1021105_frontpage_story_1355694.utf8	53	5.419879	shuvam
195	Q0	1050421_sports_story_4641646.utf8	54	5.417819	shuvam
195	Q0	1030723_sports_story_2191102.utf8	55	5.408914	shuvam
195	Q0	1030728_sports_story_2207650.utf8	56	5.408441	shuvam
195	Q0	en.3.406.379.2007.11.22	57	5.407330	shuvam
195	Q0	en.15.115.216.2009.2.27	58	5.402141	shuvam
195	Q0	en.15.77.425.2008.7.23	59	5.400005	shuvam
195	Q0	1021107_nation_story_1361744.utf8	60	5.393730	shuvam
195	Q0	1080625_business_story_9460448.utf8	61	5.385664	shuvam
195	Q0	en.3.405.256.2007.11.17	62	5.383040	shuvam
195	Q0	en.3.406.24.2007.11.20	63	5.382010	shuvam
195	Q0	en.15.136.164.2009.7.22	64	5.382010	shuvam
195	Q0	en.3.357.220.2010.4.7	65	5.381118	shuvam
195	Q0	1031127_sports_story_2617899.utf8	66	5.378388	shuvam
195	Q0	en.15.119.223.2009.4.12	67	5.360258	shuvam
195	Q0	en.3.406.117.2007.11.22	68	5.358162	shuvam
195	Q0	en.15.101.233.2008.12.16	69	5.358162	shuvam
195	Q0	en.15.87.496.2008.9.30	70	5.357639	shuvam
195	Q0	en.15.205.460.2007.8.28	71	5.357211	shuvam
195	Q0	1070719_business_story_8078187.utf8	72	5.357211	shuvam
195	Q0	1031120_sports_story_2591617.utf8	73	5.346725	shuvam
195	Q0	1030717_opinion_story_2169825.utf8	74	5.346193	shuvam
195	Q0	1031218_sports_story_2691896.utf8	75	5.335754	shuvam
195	Q0	1021106_foreign_story_1358790.utf8	76	5.335110	shuvam
195	Q0	en.15.135.428.2009.7.20	77	5.332334	shuvam
195	Q0	1031015_nation_story_2462828.utf8	78	5.329428	shuvam
195	Q0	en.15.76.452.2008.7.23	79	5.329056	shuvam
195	Q0	en.15.204.99.2007.8.25	80	5.329056	shuvam
195	Q0	1040208_sports_story_2873405.utf8	81	5.328612	shuvam
195	Q0	1030911_sports_index.utf8	82	5.321516	shuvam
195	Q0	1070115_business_story_7263467.utf8	83	5.320336	shuvam
195	Q0	en.15.204.296.2007.8.26	84	5.314358	shuvam
195	Q0	en.15.135.346.2009.7.20	85	5.306753	shuvam
195	Q0	1080923_opinion_story_9778947.utf8	86	5.306753	shuvam
195	Q0	1090223_business_story_10577129.utf8	87	5.301196	shuvam
195	Q0	1031211_sports_story_2666940.utf8	88	5.297994	shuvam
195	Q0	1030626_sports_story_2105431.utf8	89	5.295516	shuvam
195	Q0	en.3.405.262.2007.11.18	90	5.294543	shuvam
195	Q0	1091024_nation_story_11652863.utf8	91	5.294543	shuvam
195	Q0	en.15.114.166.2009.3.1	92	5.281416	shuvam
195	Q0	1030814_sports_story_2263576.utf8	93	5.280312	shuvam
195	Q0	1060826_business_story_6659992.utf8	94	5.276335	shuvam
195	Q0	1030715_sports_index.utf8	95	5.275576	shuvam
195	Q0	en.15.139.327.2009.8.12	96	5.266116	shuvam
195	Q0	1030201_sports_story_1628907.utf8	97	5.264233	shuvam
195	Q0	en.15.76.83.2008.7.21	98	5.256320	shuvam
195	Q0	1031013_nation_story_2455359.utf8	99	5.253539	shuvam
195	Q0	en.15.136.430.2009.7.22	100	5.246341	shuvam
196	Q0	en.15.63.352.2008.4.23	1	8.263256	shuvam
196	Q0	1040914_opinion_story_3745914.utf8	2	8.258247	shuvam
196	Q0	1040918_opinion_story_3772342.utf8	3	8.232601	shuvam
196	Q0	1030507_nation_story_1945552.utf8	4	8.226282	shuvam
196	Q0	1040919_nation_story_3776011.utf8	5	8.132247	shuvam
196	Q0	1030413_nation_story_1868955.utf8	6	8.098906	shuvam
196	Q0	1021002_foreign_story_1254490.utf8	7	8.095822	shuvam
196	Q0	1040712_frontpage_story_3484503.utf8	8	7.963917	shuvam
196	Q0	1080520_opinion_story_9294669.utf8	9	7.727653	shuvam
196	Q0	1031108_nation_story_2549171.utf8	10	7.709980	shuvam
196	Q0	1040915_opinion_story_3752632.utf8	11	7.558627	shuvam
196	Q0	1040908_opinion_story_3728222.utf8	12	7.413460	shuvam
196	Q0	1030404_nation_story_1838872.utf8	13	7.372767	shuvam
196	Q0	1031111_nation_story_2559302.utf8	14	7.259692	shuvam
196	Q0	1040820_bengal_story_3649869.utf8	15	7.251648	shuvam
196	Q0	1030314_nation_story_1766987.utf8	16	7.154233	shuvam
196	Q0	1100327_nation_story_12269096.utf8	17	7.120827	shuvam
196	Q0	1040909_frontpage_story_3736273.utf8	18	7.114889	shuvam
196	Q0	1040729_bengal_story_3555194.utf8	19	7.070730	shuvam
196	Q0	1030223_opinion_story_1695339.utf8	20	6.987756	shuvam
196	Q0	1030324_nation_story_1797943.utf8	21	6.913361	shuvam
196	Q0	1080715_nation_story_9550829.utf8	22	6.888002	shuvam
196	Q0	1031209_opinion_story_2660153.utf8	23	6.885403	shuvam
196	Q0	1100922_opinion_story_12963019.utf8	24	6.870284	shuvam
196	Q0	1040920_opinion_story_3778070.utf8	25	6.853959	shuvam
196	Q0	1040907_frontpage_story_3727402.utf8	26	6.828974	shuvam
196	Q0	en.3.388.431.2007.8.31	27	6.776832	shuvam
196	Q0	1050908_nation_story_5211657.utf8	28	6.761602	shuvam
196	Q0	1041207_nation_story_4096101.utf8	29	6.702667	shuvam
196	Q0	1070903_nation_story_8268385.utf8	30	6.633632	shuvam
196	Q0	1101120_nation_story_13199590.utf8	31	6.611511	shuvam
196	Q0	1100922_opinion_index.utf8	32	6.603846	shuvam
196	Q0	1040925_opinion_story_3796479.utf8	33	6.596319	shuvam
196	Q0	1040908_frontpage_story_3731231.utf8	34	6.430687	shuvam
196	Q0	1100525_opinion_story_12470796.utf8	35	6.418440	shuvam
196	Q0	1041201_opinion_story_4068151.utf8	36	6.366521	shuvam
196	Q0	1040810_nation_story_3606467.utf8	37	6.324204	shuvam
196	Q0	1070326_nation_story_7566629.utf8	38	6.298525	shuvam
196	Q0	1080210_nation_story_8897088.utf8	39	6.287397	shuvam
196	Q0	1080213_nation_story_8897088.utf8	40	6.287397	shuvam
196	Q0	1031021_frontpage_story_2483448.utf8	41	6.256876	shuvam
196	Q0	1030424_nation_story_1904441.utf8	42	6.169101	shuvam
196	Q0	1100331_nation_story_12285450.utf8	43	6.137965	shuvam
196	Q0	1101017_nation_story_13066500.utf8	44	6.059272	shuvam
196	Q0	1100104_frontpage_story_11939668.utf8	45	6.054590	shuvam
196	Q0	1030423_nation_story_1900516.utf8	46	6.036966	shuvam
196	Q0	1050110_opinion_story_4123345.utf8	47	5.978518	shuvam
196	Q0	1100910_nation_story_12919791.utf8	48	5.948574	shuvam
196	Q0	1100306_opinion_story_12181625.utf8	49	5.922959	shuvam
196	Q0	1060904_bengal_story_6696425.utf8	50	5.887982	shuvam
196	Q0	1040917_frontpage_story_3767714.utf8	51	5.884795	shuvam
196	Q0	1080409_opinion_story_9110517.utf8	52	5.868141	shuvam
196	Q0	1100512_nation_story_12439699.utf8	53	5.865263	shuvam
196	Q0	en.3.383.72.2007.8.5	54	5.829626	shuvam
196	Q0	1031209_opinion_story_2631771.utf8	55	5.826842	shuvam
196	Q0	en.3.356.176.2010.4.1	56	5.820467	shuvam
196	Q0	1050719_nation_story_5006894.utf8	57	5.799205	shuvam
196	Q0	1061213_nation_story_7132302.utf8	58	5.792791	shuvam
196	Q0	1100406_opinion_story_12304045.utf8	59	5.764194	shuvam
196	Q0	1080411_opinion_story_9120742.utf8	60	5.724725	shuvam
196	Q0	1100507_nation_story_12421988.utf8	61	5.713625	shuvam
196	Q0	1100914_opinion_story_12930588.utf8	62	5.701364	shuvam
196	Q0	1050602_bengal_story_4816674.utf8	63	5.688628	shuvam
196	Q0	1080207_nation_story_8872435.utf8	64	5.678130	shuvam
196	Q0	1100829_frontpage_story_12869413.utf8	65	5.672019	shuvam
196	Q0	1040909_nation_story_3735706.utf8	66	5.658954	shuvam
196	Q0	1080408_nation_story_9106512.utf8	67	5.655153	shuvam
196	Q0	1100608_opinion_story_12528819.utf8	68	5.642299	shuvam
196	Q0	1050106_nation_story_4218590.utf8	69	5.619328	shuvam
196	Q0	1040911_nation_story_3744771.utf8	70	5.612923	shuvam
196	Q0	1040604_business_story_3330326.utf8	71	5.603871	shuvam
196	Q0	1101209_calcutta_story_13275584.utf8	72	5.583751	shuvam
196	Q0	1100829_frontpage_story_12869094.utf8	73	5.573792	shuvam
196	Q0	1040920_nation_story_3778922.utf8	74	5.567635	shuvam
196	Q0	1060906_nation_story_6706389.utf8	75	5.565327	shuvam
196	Q0	1030214_foreign_story_1670763.utf8	76	5.564499	shuvam
196	Q0	1050623_bengal_story_4904421.utf8	77	5.559686	shuvam
196	Q0	1040924_opinion_story_3794877.utf8	78	5.556663	shuvam
196	Q0	1040919_opinion_story_3775499.utf8	79	5.539460	shuvam
196	Q0	1100430_nation_story_12397525.utf8	80	5.538911	shuvam
196	Q0	1050909_opinion_story_5213499.utf8	81	5.529748	shuvam
196	Q0	1100508_nation_story_12426072.utf8	82	5.503993	shuvam
196	Q0	1070904_frontpage_story_8271058.utf8	83	5.501386	shuvam
196	Q0	1100508_frontpage_story_12426124.utf8	84	5.493875	shuvam
196	Q0	1021008_opinion_story_1270619.utf8	85	5.486885	shuvam
196	Q0	1100710_nation_story_12667709.utf8	86	5.480783	shuvam
196	Q0	1040914_opinion_story_3737741.utf8	87	5.476721	shuvam
196	Q0	1040915_bengal_story_3760155.utf8	88	5.467591	shuvam
196	Q0	1101208_opinion_story_13269810.utf8	89	5.457990	shuvam
196	Q0	1060503_nation_story_6176358.utf8	90	5.434888	shuvam
196	Q0	1080920_nation_story_9861180.utf8	91	5.434652	shuvam
196	Q0	1041203_nation_story_4080256.utf8	92	5.432664	shuvam
196	Q0	1071129_nation_story_8606110.utf8	93	5.427918	shuvam
196	Q0	1081219_nation_story_10273663.utf8	94	5.425250	shuvam
196	Q0	1031025_nation_story_2498096.utf8	95	5.413780	shuvam
196	Q0	1061122_bengal_story_7034517.utf8	96	5.406250	shuvam
196	Q0	1030405_calcutta_story_1838771.utf8	97	5.403827	shuvam
196	Q0	1080214_opinion_story_8898874.utf8	98	5.360573	shuvam
196	Q0	1050530_frontpage_story_4803598.utf8	99	5.354749	shuvam
196	Q0	1060907_nation_story_6711031.utf8	100	5.329964	shuvam
197	Q0	1040121_opinion_story_2757164.utf8	1	9.975550	shuvam
197	Q0	1040115_nation_story_2788489.utf8	2	9.481305	shuvam
197	Q0	1031029_nation_story_2511598.utf8	3	9.214633	shuvam
197	Q0	1050929_nation_story_5297961.utf8	4	9.139746	shuvam
197	Q0	1050807_opinion_story_5083657.utf8	5	8.850585	shuvam
197	Q0	1050820_calcutta_story_5132163.utf8	6	8.682619	shuvam
197	Q0	1030705_nation_story_2135296.utf8	7	8.548458	shuvam
197	Q0	1041029_calcutta_story_3936602.utf8	8	7.973158	shuvam
197	Q0	1051012_nation_story_5348055.utf8	9	7.550044	shuvam
197	Q0	1051011_opinion_story_5341734.utf8	10	7.524404	shuvam
197	Q0	1050128_opinion_story_4307208.utf8	11	7.501112	shuvam
197	Q0	1021009_bengal_story_1276174.utf8	12	7.449576	shuvam
197	Q0	1050827_calcutta_story_5159790.utf8	13	7.148047	shuvam
197	Q0	1040220_nation_story_2915974.utf8	14	7.113587	shuvam
197	Q0	1050919_opinion_story_5251694.utf8	15	7.055805	shuvam
197	Q0	1051009_nation_story_5337838.utf8	16	6.907259	shuvam
197	Q0	1051009_frontpage_story_5337481.utf8	17	6.907259	shuvam
197	Q0	1050102_opinion_story_4201526.utf8	18	6.648216	shuvam
197	Q0	1051012_frontpage_story_5347725.utf8	19	6.583235	shuvam
197	Q0	1031029_calcutta_story_2509327.utf8	20	6.456721	shuvam
197	Q0	1050823_opinion_story_5143072.utf8	21	6.456721	shuvam
197	Q0	1070623_calcutta_story_7961001.utf8	22	6.257174	shuvam
197	Q0	1030128_nation_story_1614399.utf8	23	6.218720	shuvam
197	Q0	1031014_nation_story_2458851.utf8	24	6.116040	shuvam
197	Q0	1031122_nation_story_2599956.utf8	25	5.894804	shuvam
197	Q0	1050129_calcutta_story_4305622.utf8	26	5.806393	shuvam
197	Q0	1070805_frontpage_story_8151693.utf8	27	5.796791	shuvam
197	Q0	1050926_opinion_story_5283162.utf8	28	5.704641	shuvam
197	Q0	1040508_nation_story_3220503.utf8	29	5.615612	shuvam
197	Q0	1050930_opinion_story_5303433.utf8	30	5.539877	shuvam
197	Q0	1070112_sports_story_7252235.utf8	31	5.526307	shuvam
197	Q0	1041231_opinion_story_4184825.utf8	32	5.514838	shuvam
197	Q0	1070911_bengal_story_8302356.utf8	33	5.408083	shuvam
197	Q0	1020826_nation_story_1137024.utf8	34	5.324451	shuvam
197	Q0	1050108_nation_story_4228075.utf8	35	5.324451	shuvam
197	Q0	1040202_frontpage_story_2851192.utf8	36	5.200534	shuvam
197	Q0	1050102_nation_story_4202350.utf8	37	5.189907	shuvam
197	Q0	1050125_opinion_story_4244823.utf8	38	4.989640	shuvam
197	Q0	1021012_calcutta_story_1285133.utf8	39	4.940235	shuvam
197	Q0	1061030_nation_story_6934348.utf8	40	4.885506	shuvam
197	Q0	1050701_bengal_story_4936928.utf8	41	4.885506	shuvam
197	Q0	1050410_calcutta_story_4588109.utf8	42	4.824195	shuvam
197	Q0	en.15.66.450.2008.5.12	43	4.790429	shuvam
197	Q0	1051009_frontpage_story_5337472.utf8	44	4.721029	shuvam
197	Q0	en.15.139.202.2009.8.13	45	4.704175	shuvam
197	Q0	1021122_bengal_story_1407642.utf8	46	4.703701	shuvam
197	Q0	en.15.139.157.2009.8.13	47	4.676324	shuvam
197	Q0	en.3.388.34.2007.8.30	48	4.643289	shuvam
197	Q0	en.15.202.429.2007.8.16	49	4.633254	shuvam
197	Q0	1051016_frontpage_story_5360461.utf8	50	4.630871	shuvam
197	Q0	1050519_foreign_story_4759063.utf8	51	4.629681	shuvam
197	Q0	1021201_frontpage_story_1437845.utf8	52	4.617780	shuvam
197	Q0	en.2.279.50.2009.8.28	53	4.592920	shuvam
197	Q0	en.15.160.444.2010.1.16	54	4.590309	shuvam
197	Q0	en.2.279.18.2009.8.28	55	4.551111	shuvam
197	Q0	1041228_frontpage_story_4184039.utf8	56	4.545402	shuvam
197	Q0	en.15.147.242.2009.10.5	57	4.544143	shuvam
197	Q0	1070906_nation_story_8282461.utf8	58	4.542313	shuvam
197	Q0	1050609_foreign_story_4845620.utf8	59	4.536613	shuvam
197	Q0	en.15.167.91.2010.2.27	60	4.529665	shuvam
197	Q0	1041022_frontpage_story_3913713.utf8	61	4.506633	shuvam
197	Q0	1050908_opinion_story_5209683.utf8	62	4.503861	shuvam
197	Q0	1071016_frontpage_story_8440280.utf8	63	4.485092	shuvam
197	Q0	en.15.100.400.2008.12.12	64	4.473006	shuvam
197	Q0	1060530_opinion_story_6284768.utf8	65	4.473006	shuvam
197	Q0	1080922_frontpage_story_9869079.utf8	66	4.459768	shuvam
197	Q0	1030804_nation_story_2230992.utf8	67	4.444701	shuvam
197	Q0	en.15.151.203.2009.11.3	68	4.441565	shuvam
197	Q0	en.2.298.42.2010.1.27	69	4.437539	shuvam
197	Q0	1090922_frontpage_story_11525920.utf8	70	4.426010	shuvam
197	Q0	1091003_nation_story_11569194.utf8	71	4.389807	shuvam
197	Q0	1050117_opinion_story_4254218.utf8	72	4.389807	shuvam
197	Q0	en.3.400.339.2007.10.26	73	4.364863	shuvam
197	Q0	1050317_nation_story_4501487.utf8	74	4.334919	shuvam
197	Q0	1061112_nation_story_6990914.utf8	75	4.333206	shuvam
197	Q0	1051103_foreign_story_5431695.utf8	76	4.316292	shuvam
197	Q0	1040106_foreign_story_2756318.utf8	77	4.305383	shuvam
197	Q0	en.15.98.454.2008.12.1	78	4.291703	shuvam
197	Q0	en.15.252.492.2008.3.20	79	4.291703	shuvam
197	Q0	en.3.391.142.2007.9.13	80	4.291703	shuvam
197	Q0	1040226_calcutta_story_2935784.utf8	81	4.291703	shuvam
197	Q0	1080228_foreign_story_8958275.utf8	82	4.276247	shuvam
197	Q0	1100429_opinion_story_12389630.utf8	83	4.276247	shuvam
197	Q0	en.15.192.396.2007.6.22	84	4.272358	shuvam
197	Q0	1060718_frontpage_story_6493024.utf8	85	4.266334	shuvam
197	Q0	1070404_foreign_story_7603607.utf8	86	4.266334	shuvam
197	Q0	en.15.231.34.2008.1.2	87	4.257747	shuvam
197	Q0	en.3.391.189.2007.9.12	88	4.247502	shuvam
197	Q0	1041231_nation_story_4195089.utf8	89	4.247502	shuvam
197	Q0	1041026_foreign_story_3925825.utf8	90	4.234918	shuvam
197	Q0	1090723_frontpage_story_11271504.utf8	91	4.234187	shuvam
197	Q0	en.15.118.227.2009.4.6	92	4.233665	shuvam
197	Q0	1030818_nation_story_2273714.utf8	93	4.231318	shuvam
197	Q0	1051224_nation_story_5640281.utf8	94	4.223596	shuvam
197	Q0	en.15.66.273.2008.5.13	95	4.215356	shuvam
197	Q0	en.2.298.12.2010.1.27	96	4.201494	shuvam
197	Q0	en.15.252.359.2008.3.21	97	4.201131	shuvam
197	Q0	en.3.394.71.2007.10.2	98	4.201131	shuvam
197	Q0	en.15.167.259.2010.2.27	99	4.196692	shuvam
197	Q0	en.15.202.97.2007.8.16	100	4.196692	shuvam
198	Q0	1070926_opinion_story_8358962.utf8	1	8.879837	shuvam
198	Q0	1090210_sports_story_10511736.utf8	2	8.772573	shuvam
198	Q0	en.15.130.351.2009.6.15	3	8.648838	shuvam
198	Q0	1081125_opinion_story_10157217.utf8	4	8.641122	shuvam
198	Q0	1101007_sports_story_13028793.utf8	5	8.628443	shuvam
198	Q0	en.15.181.388.2010.5.15	6	8.587461	shuvam
198	Q0	1080705_sports_story_9507797.utf8	7	8.392397	shuvam
198	Q0	1080625_sports_story_9460218.utf8	8	8.349773	shuvam
198	Q0	1070919_opinion_story_8324456.utf8	9	8.286195	shuvam
198	Q0	1080423_sports_story_9175743.utf8	10	8.246199	shuvam
198	Q0	1100424_sports_story_12375325.utf8	11	8.184134	shuvam
198	Q0	1090511_frontpage_story_10946692.utf8	12	8.115542	shuvam
198	Q0	1100515_sports_story_12452016.utf8	13	8.114054	shuvam
198	Q0	1081113_opinion_story_10100169.utf8	14	8.101000	shuvam
198	Q0	1070927_sports_story_8366328.utf8	15	8.078169	shuvam
198	Q0	1100929_sports_story_12995436.utf8	16	8.068070	shuvam
198	Q0	en.15.245.357.2008.2.26	17	8.038543	shuvam
198	Q0	en.15.209.344.2007.9.25	18	8.033171	shuvam
198	Q0	1090129_sports_story_10454674.utf8	19	8.016722	shuvam
198	Q0	1081119_sports_story_10131089.utf8	20	8.009075	shuvam
198	Q0	1100325_sports_story_12258407.utf8	21	8.007287	shuvam
198	Q0	1100102_sports_story_11933929.utf8	22	7.990637	shuvam
198	Q0	1080628_sports_story_9475552.utf8	23	7.981411	shuvam
198	Q0	1090908_sports_story_11465133.utf8	24	7.981268	shuvam
198	Q0	1101027_sports_story_13105589.utf8	25	7.957382	shuvam
198	Q0	1081120_sports_story_10136283.utf8	26	7.944052	shuvam
198	Q0	1091220_sports_story_11888650.utf8	27	7.922067	shuvam
198	Q0	1080606_sports_story_9372841.utf8	28	7.921381	shuvam
198	Q0	1070916_sports_story_8323203.utf8	29	7.916820	shuvam
198	Q0	1070930_sports_story_8378341.utf8	30	7.904662	shuvam
198	Q0	1071003_sports_story_8389814.utf8	31	7.904479	shuvam
198	Q0	1081226_sports_story_10303564.utf8	32	7.895165	shuvam
198	Q0	1091208_opinion_story_11832561.utf8	33	7.893897	shuvam
198	Q0	1090705_sports_story_11196686.utf8	34	7.813822	shuvam
198	Q0	1100521_sports_story_12472858.utf8	35	7.803241	shuvam
198	Q0	en.3.403.363.2007.11.6	36	7.802140	shuvam
198	Q0	1080608_sports_story_9381486.utf8	37	7.799840	shuvam
198	Q0	1100524_opinion_story_12471044.utf8	38	7.797501	shuvam
198	Q0	1090223_sports_story_10575080.utf8	39	7.793561	shuvam
198	Q0	1090530_sports_story_11037284.utf8	40	7.792154	shuvam
198	Q0	1100108_sports_story_11958139.utf8	41	7.759645	shuvam
198	Q0	1081110_sports_story_10088617.utf8	42	7.754170	shuvam
198	Q0	1080706_sports_story_9510800.utf8	43	7.751506	shuvam
198	Q0	1080623_sports_story_9449758.utf8	44	7.750758	shuvam
198	Q0	en.3.397.304.2007.10.10	45	7.741416	shuvam
198	Q0	1100309_sports_story_12192892.utf8	46	7.734610	shuvam
198	Q0	1090603_sports_story_11054065.utf8	47	7.732604	shuvam
198	Q0	1080706_sports_story_9511087.utf8	48	7.717489	shuvam
198	Q0	1100130_nation_story_12045659.utf8	49	7.690490	shuvam
198	Q0	1100427_sports_story_12384519.utf8	50	7.688733	shuvam
198	Q0	1070926_sports_story_8361790.utf8	51	7.686375	shuvam
198	Q0	1101220_sports_story_13323341.utf8	52	7.684043	shuvam
198	Q0	1080711_opinion_story_9528571.utf8	53	7.680396	shuvam
198	Q0	1101215_sports_story_13302861.utf8	54	7.675334	shuvam
198	Q0	en.15.95.187.2008.11.10	55	7.672827	shuvam
198	Q0	1090916_sports_story_11501825.utf8	56	7.636149	shuvam
198	Q0	1071108_sports_story_8525575.utf8	57	7.622659	shuvam
198	Q0	1091228_sports_story_11915778.utf8	58	7.613172	shuvam
198	Q0	1080220_sports_story_8925495.utf8	59	7.600325	shuvam
198	Q0	1090601_sports_story_11046892.utf8	60	7.596170	shuvam
198	Q0	1080229_sports_story_8963468.utf8	61	7.595228	shuvam
198	Q0	1080911_sports_story_9818136.utf8	62	7.594074	shuvam
198	Q0	1080826_sports_story_9743951.utf8	63	7.587364	shuvam
198	Q0	1071107_sports_story_8520899.utf8	64	7.586421	shuvam
198	Q0	1080312_opinion_story_8995967.utf8	65	7.575585	shuvam
198	Q0	1091029_sports_story_11672818.utf8	66	7.570042	shuvam
198	Q0	1091212_sports_story_11853374.utf8	67	7.561543	shuvam
198	Q0	en.15.70.41.2008.6.8	68	7.553952	shuvam
198	Q0	en.15.252.275.2008.3.20	69	7.549478	shuvam
198	Q0	1090616_frontpage_story_11117840.utf8	70	7.540828	shuvam
198	Q0	1080521_sports_story_9299430.utf8	71	7.539273	shuvam
198	Q0	1040807_sports_story_3595231.utf8	72	7.522636	shuvam
198	Q0	1090620_sports_story_11136697.utf8	73	7.513123	shuvam
198	Q0	1070929_sports_story_8375399.utf8	74	7.511344	shuvam
198	Q0	1070511_sports_story_7762456.utf8	75	7.509412	shuvam
198	Q0	1070926_sports_story_8362134.utf8	76	7.500091	shuvam
198	Q0	1081109_frontpage_story_10085205.utf8	77	7.496187	shuvam
198	Q0	1081111_frontpage_story_10093940.utf8	78	7.493519	shuvam
198	Q0	1081127_sports_story_10170832.utf8	79	7.489309	shuvam
198	Q0	1090226_sports_story_10590590.utf8	80	7.482014	shuvam
198	Q0	1090928_sports_story_11550109.utf8	81	7.478001	shuvam
198	Q0	1101223_sports_story_13338129.utf8	82	7.473675	shuvam
198	Q0	1070919_sports_story_8334000.utf8	83	7.471789	shuvam
198	Q0	1081119_sports_story_10131084.utf8	84	7.461127	shuvam
198	Q0	en.3.403.319.2007.11.6	85	7.455538	shuvam
198	Q0	1091207_sports_story_11831550.utf8	86	7.447236	shuvam
198	Q0	1070913_sports_story_8311101.utf8	87	7.443581	shuvam
198	Q0	1080302_sports_story_8970570.utf8	88	7.443122	shuvam
198	Q0	1080306_frontpage_story_8986748.utf8	89	7.441343	shuvam
198	Q0	1080626_sports_story_9465557.utf8	90	7.440978	shuvam
198	Q0	1100319_sports_story_12233946.utf8	91	7.436650	shuvam
198	Q0	1050807_sports_story_5084486.utf8	92	7.435965	shuvam
198	Q0	1090628_sports_story_11168731.utf8	93	7.432476	shuvam
198	Q0	1100709_sports_story_12663659.utf8	94	7.431409	shuvam
198	Q0	1091221_sports_story_11890316.utf8	95	7.431181	shuvam
198	Q0	1100318_calcutta_story_12227127.utf8	96	7.423522	shuvam
198	Q0	1071115_opinion_story_8539683.utf8	97	7.421332	shuvam
198	Q0	1080704_sports_story_9502914.utf8	98	7.411175	shuvam
198	Q0	1081211_sports_story_10236408.utf8	99	7.406861	shuvam
198	Q0	en.15.103.467.2009.1.2	100	7.400648	shuvam
199	Q0	1060409_foreign_story_6076972.utf8	1	10.521403	shuvam
199	Q0	1060211_foreign_story_5832709.utf8	2	10.060875	shuvam
199	Q0	en.15.246.73.2008.2.28	3	10.015299	shuvam
199	Q0	en.3.389.348.2007.9.1	4	9.413675	shuvam
199	Q0	en.15.242.188.2008.2.15	5	9.410770	shuvam
199	Q0	en.13.26.51.2009.11.12	6	9.409183	shuvam
199	Q0	1060207_foreign_story_5814853.utf8	7	9.361553	shuvam
199	Q0	1070624_opinion_story_7960120.utf8	8	9.289219	shuvam
199	Q0	en.15.244.437.2008.2.20	9	9.211535	shuvam
199	Q0	1080603_foreign_story_9356854.utf8	10	9.156000	shuvam
199	Q0	1070323_foreign_story_7555274.utf8	11	9.108557	shuvam
199	Q0	1060222_foreign_story_5879656.utf8	12	9.058961	shuvam
199	Q0	en.15.247.40.2008.3.3	13	9.006382	shuvam
199	Q0	1100520_foreign_story_12468810.utf8	14	8.991194	shuvam
199	Q0	en.15.243.35.2008.2.18	15	8.900743	shuvam
199	Q0	en.15.179.460.2010.5.5	16	8.900119	shuvam
199	Q0	1060202_foreign_story_5794634.utf8	17	8.877859	shuvam
199	Q0	1080427_frontpage_story_9194960.utf8	18	8.838587	shuvam
199	Q0	1060215_opinion_story_5842515.utf8	19	8.782969	shuvam
199	Q0	1070511_opinion_story_7754676.utf8	20	8.767229	shuvam
199	Q0	en.15.252.496.2008.3.20	21	8.735247	shuvam
199	Q0	1060205_foreign_story_5807500.utf8	22	8.712416	shuvam
199	Q0	1060206_foreign_story_5810611.utf8	23	8.712416	shuvam
199	Q0	1061008_foreign_story_6842401.utf8	24	8.658447	shuvam
199	Q0	en.3.419.97.2008.1.18	25	8.654472	shuvam
199	Q0	en.15.252.266.2008.3.20	26	8.641619	shuvam
199	Q0	1060208_foreign_story_5819098.utf8	27	8.624663	shuvam
199	Q0	1060215_foreign_story_5848714.utf8	28	8.559361	shuvam
199	Q0	1060207_opinion_story_5811776.utf8	29	8.487483	shuvam
199	Q0	en.15.247.268.2008.3.3	30	8.466979	shuvam
199	Q0	1060219_foreign_story_5866847.utf8	31	8.405226	shuvam
199	Q0	en.15.245.234.2008.2.24	32	8.403598	shuvam
199	Q0	en.15.245.278.2008.2.25	33	8.403598	shuvam
199	Q0	en.15.244.185.2008.2.21	34	8.391963	shuvam
199	Q0	1060221_foreign_story_5874743.utf8	35	8.391132	shuvam
199	Q0	1060209_foreign_story_5823851.utf8	36	8.361970	shuvam
199	Q0	en.15.246.361.2008.2.29	37	8.341259	shuvam
199	Q0	en.15.246.472.2008.3.2	38	8.326822	shuvam
199	Q0	en.15.248.26.2008.3.8	39	8.219598	shuvam
199	Q0	en.15.242.146.2008.2.13	40	8.163934	shuvam
199	Q0	1080210_foreign_story_8896520.utf8	41	8.162210	shuvam
199	Q0	1060212_foreign_story_5836350.utf8	42	8.118524	shuvam
199	Q0	en.15.252.301.2008.3.20	43	8.110485	shuvam
199	Q0	en.15.110.391.2009.3.25	44	8.101786	shuvam
199	Q0	en.15.245.64.2008.2.27	45	8.076071	shuvam
199	Q0	en.15.248.128.2008.3.7	46	8.053928	shuvam
199	Q0	en.15.254.197.2008.3.28	47	8.027824	shuvam
199	Q0	en.3.360.462.2010.4.22	48	8.009404	shuvam
199	Q0	en.15.111.53.2009.3.22	49	8.005957	shuvam
199	Q0	en.15.241.83.2008.2.12	50	8.005957	shuvam
199	Q0	en.15.245.482.2008.2.26	51	7.990409	shuvam
199	Q0	1060219_nation_story_5866524.utf8	52	7.921110	shuvam
199	Q0	en.13.55.172.2010.5.20	53	7.919577	shuvam
199	Q0	1060216_nation_story_5852972.utf8	54	7.904457	shuvam
199	Q0	en.15.256.84.2008.4.7	55	7.877270	shuvam
199	Q0	1060222_foreign_index.utf8	56	7.790874	shuvam
199	Q0	1060219_foreign_story_5866850.utf8	57	7.722286	shuvam
199	Q0	en.15.252.177.2008.3.21	58	7.688017	shuvam
199	Q0	en.13.55.327.2010.5.20	59	7.661445	shuvam
199	Q0	en.15.119.356.2009.4.16	60	7.654916	shuvam
199	Q0	en.15.62.383.2008.4.19	61	7.593922	shuvam
199	Q0	en.15.61.274.2008.4.17	62	7.588731	shuvam
199	Q0	1060215_foreign_index.utf8	63	7.568747	shuvam
199	Q0	1100104_nation_story_11939783.utf8	64	7.565107	shuvam
199	Q0	en.15.250.266.2008.3.12	65	7.559196	shuvam
199	Q0	en.3.391.384.2007.9.16	66	7.529315	shuvam
199	Q0	en.15.243.414.2008.2.17	67	7.523700	shuvam
199	Q0	en.15.250.356.2008.3.14	68	7.462877	shuvam
199	Q0	1060220_foreign_story_5869889.utf8	69	7.425093	shuvam
199	Q0	1060209_foreign_index.utf8	70	7.373653	shuvam
199	Q0	1060217_foreign_index.utf8	71	7.373653	shuvam
199	Q0	1060217_foreign_story_5857920.utf8	72	7.373653	shuvam
199	Q0	en.3.388.494.2007.8.30	73	7.370698	shuvam
199	Q0	1060220_foreign_story_5870150.utf8	74	7.355412	shuvam
199	Q0	en.13.31.310.2010.1.4	75	7.341972	shuvam
199	Q0	en.15.181.412.2010.5.19	76	7.341972	shuvam
199	Q0	1060220_foreign_index.utf8	77	7.335835	shuvam
199	Q0	1060412_opinion_story_6082829.utf8	78	7.322824	shuvam
199	Q0	en.3.392.44.2007.9.22	79	7.312675	shuvam
199	Q0	1101230_foreign_story_13368907.utf8	80	7.277120	shuvam
199	Q0	1060219_foreign_index.utf8	81	7.261351	shuvam
199	Q0	1060211_opinion_story_5829470.utf8	82	7.196896	shuvam
199	Q0	1091120_foreign_story_11763452.utf8	83	7.181046	shuvam
199	Q0	1060223_foreign_story_5884467.utf8	84	7.153775	shuvam
199	Q0	1060203_foreign_story_5799272.utf8	85	7.146914	shuvam
199	Q0	en.15.69.365.2008.6.2	86	7.142308	shuvam
199	Q0	en.3.390.289.2007.9.7	87	7.127888	shuvam
199	Q0	en.15.184.450.2010.5.31	88	7.110654	shuvam
199	Q0	en.15.118.211.2009.4.6	89	7.098363	shuvam
199	Q0	1100911_nation_story_12923405.utf8	90	7.086162	shuvam
199	Q0	en.3.356.496.2010.3.29	91	7.079311	shuvam
199	Q0	1080320_nation_story_9038082.utf8	92	7.057973	shuvam
199	Q0	1060215_foreign_story_5848716.utf8	93	7.046706	shuvam
199	Q0	en.15.247.437.2008.3.5	94	6.990695	shuvam
199	Q0	en.15.246.216.2008.2.28	95	6.977950	shuvam
199	Q0	en.15.255.240.2008.3.31	96	6.977950	shuvam
199	Q0	1060206_foreign_story_5810269.utf8	97	6.977950	shuvam
199	Q0	en.15.110.379.2009.3.29	98	6.974671	shuvam
199	Q0	1060201_foreign_story_5790383.utf8	99	6.924097	shuvam
199	Q0	1070905_foreign_story_8278147.utf8	100	6.910522	shuvam
200	Q0	1040903_sports_story_3712219.utf8	1	7.930012	shuvam
200	Q0	1040830_sports_story_3694612.utf8	2	7.174236	shuvam
200	Q0	1040805_sports_story_3586118.utf8	3	7.069213	shuvam
200	Q0	1040623_sports_story_3405448.utf8	4	6.991488	shuvam
200	Q0	1081111_frontpage_story_10093940.utf8	5	6.816305	shuvam
200	Q0	1050514_sports_story_4738298.utf8	6	6.807353	shuvam
200	Q0	1080614_sports_story_9410357.utf8	7	6.699453	shuvam
200	Q0	1021121_sports_story_1405297.utf8	8	6.664640	shuvam
200	Q0	1070908_sports_story_8291111.utf8	9	6.623919	shuvam
200	Q0	1030912_sports_story_2358200.utf8	10	6.576544	shuvam
200	Q0	1020910_sports_story_1185333.utf8	11	6.575888	shuvam
200	Q0	1020914_sports_story_1197376.utf8	12	6.526186	shuvam
200	Q0	1061021_sports_story_6899396.utf8	13	6.433605	shuvam
200	Q0	1020912_sports_story_1192004.utf8	14	6.420246	shuvam
200	Q0	1050618_sports_story_4883654.utf8	15	6.412936	shuvam
200	Q0	1040904_sports_story_3716498.utf8	16	6.390654	shuvam
200	Q0	1040708_sports_story_3468736.utf8	17	6.386763	shuvam
200	Q0	1040806_sports_story_3590208.utf8	18	6.377276	shuvam
200	Q0	en.3.392.105.2007.9.20	19	6.279505	shuvam
200	Q0	1050705_sports_story_4951533.utf8	20	6.245695	shuvam
200	Q0	1050714_sports_story_4988291.utf8	21	6.113724	shuvam
200	Q0	1040905_sports_story_3719654.utf8	22	5.973035	shuvam
200	Q0	1020829_sports_story_1147813.utf8	23	5.922020	shuvam
200	Q0	1070909_sports_story_8294852.utf8	24	5.901472	shuvam
200	Q0	1040922_sports_story_3788459.utf8	25	5.889892	shuvam
200	Q0	1040906_sports_story_3723519.utf8	26	5.888852	shuvam
200	Q0	1050710_sports_story_4972202.utf8	27	5.886030	shuvam
200	Q0	1020914_sports_story_1198631.utf8	28	5.864432	shuvam
200	Q0	1040806_sports_story_3590122.utf8	29	5.816885	shuvam
200	Q0	1040828_sports_story_3687272.utf8	30	5.799884	shuvam
200	Q0	1020914_sports_index.utf8	31	5.775775	shuvam
200	Q0	1070908_sports_story_8291107.utf8	32	5.647456	shuvam
200	Q0	1040921_sports_story_3783616.utf8	33	5.540670	shuvam
200	Q0	1080211_sports_story_8888276.utf8	34	5.524051	shuvam
200	Q0	1060425_sports_story_6141769.utf8	35	5.446461	shuvam
200	Q0	1050809_sports_story_5092397.utf8	36	5.444872	shuvam
200	Q0	1080305_sports_story_8982510.utf8	37	5.369875	shuvam
200	Q0	en.3.329.351.2009.9.22	38	5.295447	shuvam
200	Q0	1021008_sports_story_1272059.utf8	39	5.295447	shuvam
200	Q0	1070906_sports_story_8282384.utf8	40	5.288831	shuvam
200	Q0	1050710_sports_story_4972199.utf8	41	5.288473	shuvam
200	Q0	1030709_sports_story_2146414.utf8	42	5.265544	shuvam
200	Q0	1070921_sports_story_8343444.utf8	43	5.257429	shuvam
200	Q0	1050417_sports_story_4625469.utf8	44	5.232005	shuvam
200	Q0	1070821_sports_story_8218165.utf8	45	5.222166	shuvam
200	Q0	1070913_sports_story_8311278.utf8	46	5.219891	shuvam
200	Q0	1040629_sports_story_3430296.utf8	47	5.207878	shuvam
200	Q0	1040924_sports_story_3797186.utf8	48	5.167229	shuvam
200	Q0	1021116_sports_story_1391048.utf8	49	5.152612	shuvam
200	Q0	1070715_sports_story_8061120.utf8	50	5.152612	shuvam
200	Q0	1031007_sports_story_2435608.utf8	51	5.140143	shuvam
200	Q0	1070713_sports_story_8053318.utf8	52	5.137038	shuvam
200	Q0	1040728_sports_story_3551743.utf8	53	5.112625	shuvam
200	Q0	1080822_sports_story_9727589.utf8	54	5.074284	shuvam
200	Q0	1100726_sports_story_12726786.utf8	55	5.074284	shuvam
200	Q0	1050922_nation_story_5269722.utf8	56	5.069038	shuvam
200	Q0	1030716_sports_story_2168337.utf8	57	5.053453	shuvam
200	Q0	1070906_sports_index.utf8	58	5.042184	shuvam
200	Q0	1091011_sports_story_11601889.utf8	59	5.030523	shuvam
200	Q0	1040901_sports_story_3702644.utf8	60	5.023258	shuvam
200	Q0	en.15.81.74.2008.8.22	61	5.013154	shuvam
200	Q0	1070715_sports_story_8061059.utf8	62	5.013154	shuvam
200	Q0	1030308_sports_story_1747019.utf8	63	5.008018	shuvam
200	Q0	1040729_sports_story_3555982.utf8	64	4.993949	shuvam
200	Q0	1041205_sports_story_4088898.utf8	65	4.986205	shuvam
200	Q0	1070831_sports_story_8258192.utf8	66	4.968913	shuvam
200	Q0	1040708_sports_story_3468750.utf8	67	4.944404	shuvam
200	Q0	en.3.378.304.2007.7.8	68	4.938406	shuvam
200	Q0	1040822_sports_story_3659092.utf8	69	4.895507	shuvam
200	Q0	1060824_sports_story_6650922.utf8	70	4.895507	shuvam
200	Q0	1040625_sports_story_3414650.utf8	71	4.868160	shuvam
200	Q0	1040712_sports_story_3483845.utf8	72	4.842329	shuvam
200	Q0	1040924_sports_index.utf8	73	4.842329	shuvam
200	Q0	1030522_sports_story_1993329.utf8	74	4.838871	shuvam
200	Q0	1081106_sports_story_10071093.utf8	75	4.829000	shuvam
200	Q0	1020922_sports_story_1223097.utf8	76	4.827106	shuvam
200	Q0	1020915_sports_story_1200888.utf8	77	4.817411	shuvam
200	Q0	1040814_sports_story_3625157.utf8	78	4.809647	shuvam
200	Q0	1030603_sports_story_2031707.utf8	79	4.806173	shuvam
200	Q0	1040701_sports_story_3440076.utf8	80	4.788479	shuvam
200	Q0	1030730_sports_story_2214426.utf8	81	4.780395	shuvam
200	Q0	1030825_sports_story_2297551.utf8	82	4.779273	shuvam
200	Q0	en.15.65.148.2008.5.6	83	4.749415	shuvam
200	Q0	1050818_sports_story_5126367.utf8	84	4.744905	shuvam
200	Q0	1030402_sports_story_1831910.utf8	85	4.714385	shuvam
200	Q0	1061204_opinion_story_7082261.utf8	86	4.705626	shuvam
200	Q0	1070404_sports_story_7604735.utf8	87	4.686576	shuvam
200	Q0	1040915_sports_story_3759412.utf8	88	4.684725	shuvam
200	Q0	1030707_sports_story_2140891.utf8	89	4.677053	shuvam
200	Q0	1021014_sports_story_1291044.utf8	90	4.641568	shuvam
200	Q0	1050808_sports_story_5088130.utf8	91	4.619758	shuvam
200	Q0	1030226_sports_story_1711735.utf8	92	4.606624	shuvam
200	Q0	1050228_sports_story_4434115.utf8	93	4.601226	shuvam
200	Q0	1050809_sports_index.utf8	94	4.598927	shuvam
200	Q0	1040703_sports_story_3448858.utf8	95	4.571537	shuvam
200	Q0	1040806_sports_index.utf8	96	4.571537	shuvam
200	Q0	1070909_sports_story_8295086.utf8	97	4.571537	shuvam
200	Q0	1050803_sports_story_5068239.utf8	98	4.570415	shuvam
200	Q0	1020825_nation_story_1135036.utf8	99	4.564425	shuvam
200	Q0	1040801_frontpage_story_3569230.utf8	100	4.562887	shuvam
201	Q0	en.15.100.88.2008.12.10	1	5.923297	shuvam
201	Q0	1050209_opinion_story_4341721.utf8	2	5.850418	shuvam
201	Q0	1050130_foreign_story_4314354.utf8	3	5.689954	shuvam
201	Q0	1040222_foreign_story_2923830.utf8	4	5.687361	shuvam
201	Q0	en.15.105.295.2009.1.20	5	5.602074	shuvam
201	Q0	1050205_nation_story_4340471.utf8	6	5.561794	shuvam
201	Q0	en.15.107.41.2009.1.31	7	5.532863	shuvam
201	Q0	1050203_foreign_story_4330948.utf8	8	5.514635	shuvam
201	Q0	1041219_foreign_story_4147936.utf8	9	5.507664	shuvam
201	Q0	en.15.107.442.2009.1.31	10	5.501331	shuvam
201	Q0	en.3.361.135.1970.1.1	11	5.499437	shuvam
201	Q0	en.15.100.127.2008.12.15	12	5.471369	shuvam
201	Q0	1050314_foreign_story_4490521.utf8	13	5.455087	shuvam
201	Q0	en.15.154.269.2009.11.25	14	5.444840	shuvam
201	Q0	1050129_foreign_story_4310702.utf8	15	5.440424	shuvam
201	Q0	1030506_foreign_story_1941856.utf8	16	5.407592	shuvam
201	Q0	1100308_foreign_story_12190673.utf8	17	5.404701	shuvam
201	Q0	1030429_foreign_story_1920857.utf8	18	5.391171	shuvam
201	Q0	en.13.59.351.2010.6.9	19	5.388455	shuvam
201	Q0	en.15.154.179.2009.11.23	20	5.372997	shuvam
201	Q0	en.3.333.360.2009.10.26	21	5.346294	shuvam
201	Q0	en.15.249.196.2008.3.10	22	5.315630	shuvam
201	Q0	en.15.59.191.2008.4.8	23	5.314343	shuvam
201	Q0	en.13.41.253.2010.3.1	24	5.313405	shuvam
201	Q0	1050131_frontpage_story_4318140.utf8	25	5.311962	shuvam
201	Q0	en.13.27.463.2009.11.19	26	5.300106	shuvam
201	Q0	en.15.103.110.2009.1.1	27	5.296173	shuvam
201	Q0	en.15.255.33.2008.3.31	28	5.283640	shuvam
201	Q0	1040214_foreign_story_2895585.utf8	29	5.279010	shuvam
201	Q0	en.2.309.242.2010.4.11	30	5.277667	shuvam
201	Q0	en.15.108.340.2009.2.6	31	5.256150	shuvam
201	Q0	en.3.349.368.2010.2.12	32	5.254757	shuvam
201	Q0	en.15.107.90.2009.1.28	33	5.254757	shuvam
201	Q0	1040605_foreign_story_3334984.utf8	34	5.243815	shuvam
201	Q0	1040603_foreign_story_3325782.utf8	35	5.231639	shuvam
201	Q0	1040413_opinion_story_3041594.utf8	36	5.231639	shuvam
201	Q0	en.15.234.315.2008.1.15	37	5.219843	shuvam
201	Q0	en.3.353.70.2010.3.11	38	5.205908	shuvam
201	Q0	en.3.363.342.2010.5.11	39	5.198125	shuvam
201	Q0	1041108_foreign_story_3978874.utf8	40	5.189884	shuvam
201	Q0	en.15.100.185.2008.12.14	41	5.183371	shuvam
201	Q0	en.15.100.232.2008.12.12	42	5.171018	shuvam
201	Q0	en.15.162.348.2010.1.24	43	5.170807	shuvam
201	Q0	1041229_foreign_story_4187552.utf8	44	5.169099	shuvam
201	Q0	en.15.105.213.2009.1.13	45	5.167353	shuvam
201	Q0	en.15.162.410.2010.1.23	46	5.159257	shuvam
201	Q0	1070605_nation_story_7877622.utf8	47	5.159257	shuvam
201	Q0	en.13.41.351.2010.3.3	48	5.154185	shuvam
201	Q0	1040926_foreign_story_3805308.utf8	49	5.154162	shuvam
201	Q0	1050201_foreign_story_4322331.utf8	50	5.151279	shuvam
201	Q0	en.15.96.105.2008.11.17	51	5.148707	shuvam
201	Q0	1040520_foreign_story_3269741.utf8	52	5.147939	shuvam
201	Q0	1030421_foreign_story_1893723.utf8	53	5.146956	shuvam
201	Q0	en.15.91.397.2008.10.22	54	5.145370	shuvam
201	Q0	1050103_foreign_story_4205094.utf8	55	5.144848	shuvam
201	Q0	1050429_foreign_story_4675741.utf8	56	5.140676	shuvam
201	Q0	1040313_opinion_story_2991297.utf8	57	5.134892	shuvam
201	Q0	1051016_foreign_story_5360338.utf8	58	5.133391	shuvam
201	Q0	en.15.61.348.2008.4.15	59	5.128406	shuvam
201	Q0	en.15.90.135.2008.10.19	60	5.126578	shuvam
201	Q0	en.15.90.206.2008.10.20	61	5.126578	shuvam
201	Q0	en.3.353.110.2010.3.9	62	5.124244	shuvam
201	Q0	en.15.108.374.2009.2.5	63	5.120859	shuvam
201	Q0	1030912_foreign_story_2358488.utf8	64	5.117090	shuvam
201	Q0	en.3.352.149.2010.3.9	65	5.110913	shuvam
201	Q0	en.3.352.467.2010.3.7	66	5.110913	shuvam
201	Q0	en.3.352.491.2010.3.9	67	5.110913	shuvam
201	Q0	1041221_foreign_story_4154976.utf8	68	5.106020	shuvam
201	Q0	1040308_foreign_story_2978090.utf8	69	5.105956	shuvam
201	Q0	1040519_foreign_story_3265280.utf8	70	5.101150	shuvam
201	Q0	en.2.289.80.2009.11.18	71	5.089382	shuvam
201	Q0	en.15.109.329.2009.2.10	72	5.086290	shuvam
201	Q0	1050430_foreign_story_4680287.utf8	73	5.079158	shuvam
201	Q0	1041122_foreign_story_4034111.utf8	74	5.074490	shuvam
201	Q0	en.15.69.471.2008.6.2	75	5.072252	shuvam
201	Q0	1100712_opinion_story_12651523.utf8	76	5.059587	shuvam
201	Q0	en.3.352.273.2010.3.8	77	5.056657	shuvam
201	Q0	1030630_frontpage_story_2117712.utf8	78	5.046390	shuvam
201	Q0	1031016_foreign_story_2466168.utf8	79	5.045604	shuvam
201	Q0	en.15.96.336.2008.11.18	80	5.024093	shuvam
201	Q0	1040928_foreign_story_3813051.utf8	81	5.021389	shuvam
201	Q0	en.15.75.381.2008.7.13	82	5.018584	shuvam
201	Q0	en.15.246.202.2008.2.28	83	5.018584	shuvam
201	Q0	1041003_foreign_story_3835236.utf8	84	5.018584	shuvam
201	Q0	en.15.118.224.2009.4.7	85	4.982724	shuvam
201	Q0	1050404_foreign_story_4571756.utf8	86	4.979952	shuvam
201	Q0	en.3.352.51.2010.3.7	87	4.979668	shuvam
201	Q0	en.3.352.239.2010.3.8	88	4.961495	shuvam
201	Q0	1040529_foreign_story_3307057.utf8	89	4.948771	shuvam
201	Q0	1050131_foreign_story_4317883.utf8	90	4.941886	shuvam
201	Q0	en.15.121.260.2009.4.25	91	4.940686	shuvam
201	Q0	en.15.76.316.2008.7.15	92	4.938117	shuvam
201	Q0	1031215_foreign_story_2679612.utf8	93	4.932367	shuvam
201	Q0	en.15.256.163.2008.4.7	94	4.931824	shuvam
201	Q0	en.15.255.217.2008.3.30	95	4.931602	shuvam
201	Q0	en.13.30.55.2009.12.19	96	4.914828	shuvam
201	Q0	en.15.155.436.2009.12.8	97	4.912640	shuvam
201	Q0	1030416_frontpage_story_1878221.utf8	98	4.911790	shuvam
201	Q0	1030516_foreign_story_1974521.utf8	99	4.903379	shuvam
201	Q0	en.3.333.221.2009.10.26	100	4.892380	shuvam
202	Q0	1090220_foreign_story_10562428.utf8	1	7.712023	shuvam
202	Q0	en.2.258.20.2009.4.19	2	7.602797	shuvam
202	Q0	en.2.258.359.2009.4.17	3	7.602797	shuvam
202	Q0	en.15.116.36.2009.2.19	4	7.341013	shuvam
202	Q0	1090408_nation_story_10791405.utf8	5	7.262453	shuvam
202	Q0	1091203_foreign_story_11815683.utf8	6	7.092640	shuvam
202	Q0	1090505_opinion_story_10872206.utf8	7	6.992725	shuvam
202	Q0	en.15.118.170.2009.4.7	8	6.948683	shuvam
202	Q0	en.2.291.378.2009.12.2	9	6.853085	shuvam
202	Q0	en.15.103.378.2008.12.31	10	6.830022	shuvam
202	Q0	1100817_nation_story_12819312.utf8	11	6.719866	shuvam
202	Q0	en.15.108.188.2009.2.3	12	6.603300	shuvam
202	Q0	en.15.108.31.2009.2.5	13	6.593386	shuvam
202	Q0	en.15.121.47.2009.4.26	14	6.550157	shuvam
202	Q0	en.15.102.392.2008.12.22	15	6.531455	shuvam
202	Q0	1090324_nation_story_10715155.utf8	16	6.500257	shuvam
202	Q0	1081217_frontpage_story_10263781.utf8	17	6.459247	shuvam
202	Q0	1101022_nation_story_13086690.utf8	18	6.412942	shuvam
202	Q0	1090505_opinion_index.utf8	19	6.325156	shuvam
202	Q0	en.15.100.37.2008.12.15	20	6.083781	shuvam
202	Q0	1090930_frontpage_story_11556400.utf8	21	6.033115	shuvam
202	Q0	1090416_opinion_story_10815520.utf8	22	6.012556	shuvam
202	Q0	en.15.100.130.2008.12.15	23	6.006880	shuvam
202	Q0	en.2.281.127.2009.9.15	24	5.984475	shuvam
202	Q0	1081222_opinion_story_10269844.utf8	25	5.972425	shuvam
202	Q0	1081220_foreign_story_10277911.utf8	26	5.882510	shuvam
202	Q0	en.15.109.175.2009.2.9	27	5.834218	shuvam
202	Q0	en.15.109.316.2009.2.9	28	5.834218	shuvam
202	Q0	en.15.116.66.2009.2.19	29	5.834218	shuvam
202	Q0	1090411_frontpage_story_10806994.utf8	30	5.779599	shuvam
202	Q0	1090427_frontpage_story_10881761.utf8	31	5.747392	shuvam
202	Q0	en.15.100.43.2008.12.15	32	5.709341	shuvam
202	Q0	1090703_frontpage_story_11190977.utf8	33	5.683766	shuvam
202	Q0	en.15.104.344.2009.1.9	34	5.591400	shuvam
202	Q0	1101211_opinion_story_13283199.utf8	35	5.541921	shuvam
202	Q0	1040715_calcutta_story_3494827.utf8	36	5.531679	shuvam
202	Q0	1100308_foreign_story_12190672.utf8	37	5.526648	shuvam
202	Q0	1101204_frontpage_story_13257577.utf8	38	5.512630	shuvam
202	Q0	1100809_foreign_story_12788344.utf8	39	5.404852	shuvam
202	Q0	1050223_opinion_story_4361786.utf8	40	5.370451	shuvam
202	Q0	en.15.100.115.2008.12.15	41	5.363459	shuvam
202	Q0	1040821_sports_story_3655098.utf8	42	5.348219	shuvam
202	Q0	1090412_opinion_story_10807705.utf8	43	5.325220	shuvam
202	Q0	1070630_bengal_story_7996363.utf8	44	5.309552	shuvam
202	Q0	en.2.281.211.2009.9.15	45	5.256829	shuvam
202	Q0	1060206_business_story_5810467.utf8	46	5.198472	shuvam
202	Q0	en.2.257.424.2009.4.9	47	5.105345	shuvam
202	Q0	1050406_calcutta_story_4577948.utf8	48	5.101642	shuvam
202	Q0	1050624_sports_story_4908949.utf8	49	5.076138	shuvam
202	Q0	1081217_foreign_story_10263647.utf8	50	5.067249	shuvam
202	Q0	1070321_opinion_story_7530596.utf8	51	5.056723	shuvam
202	Q0	en.15.192.365.2007.6.20	52	5.055999	shuvam
202	Q0	1081221_opinion_story_10280144.utf8	53	5.046267	shuvam
202	Q0	en.15.101.437.2008.12.17	54	5.023697	shuvam
202	Q0	1050416_calcutta_story_4619229.utf8	55	4.997737	shuvam
202	Q0	1090411_frontpage_story_10806973.utf8	56	4.983887	shuvam
202	Q0	1051216_opinion_story_5608285.utf8	57	4.981936	shuvam
202	Q0	1090408_frontpage_story_10791562.utf8	58	4.968479	shuvam
202	Q0	1090917_opinion_story_11502787.utf8	59	4.963109	shuvam
202	Q0	1090411_nation_story_10805195.utf8	60	4.957871	shuvam
202	Q0	1080321_calcutta_story_9038365.utf8	61	4.902375	shuvam
202	Q0	1071229_calcutta_story_8720517.utf8	62	4.902375	shuvam
202	Q0	en.2.281.361.2009.9.13	63	4.872981	shuvam
202	Q0	1071103_frontpage_story_8506817.utf8	64	4.872981	shuvam
202	Q0	1100819_nation_story_12827973.utf8	65	4.856345	shuvam
202	Q0	1051228_nation_story_5653102.utf8	66	4.839901	shuvam
202	Q0	1070122_nation_story_7291850.utf8	67	4.823647	shuvam
202	Q0	1090408_nation_story_10791568.utf8	68	4.789334	shuvam
202	Q0	1050715_calcutta_story_4989441.utf8	69	4.786333	shuvam
202	Q0	1081214_frontpage_story_10249874.utf8	70	4.766881	shuvam
202	Q0	1040807_nation_story_3594874.utf8	71	4.766378	shuvam
202	Q0	1040626_opinion_story_3416242.utf8	72	4.762224	shuvam
202	Q0	1090515_nation_story_10967715.utf8	73	4.755041	shuvam
202	Q0	en.15.254.236.2008.3.26	74	4.743977	shuvam
202	Q0	1100725_opinion_index.utf8	75	4.730886	shuvam
202	Q0	1101008_opinion_story_13032957.utf8	76	4.720954	shuvam
202	Q0	1051025_frontpage_story_5396007.utf8	77	4.685263	shuvam
202	Q0	1080722_opinion_story_9580046.utf8	78	4.677354	shuvam
202	Q0	1031201_business_story_2630467.utf8	79	4.675040	shuvam
202	Q0	1021227_foreign_story_1517330.utf8	80	4.653940	shuvam
202	Q0	1060819_nation_story_6629258.utf8	81	4.653183	shuvam
202	Q0	en.15.101.134.2008.12.18	82	4.622643	shuvam
202	Q0	1060302_calcutta_story_5912151.utf8	83	4.610264	shuvam
202	Q0	1060209_sports_story_5823578.utf8	84	4.589588	shuvam
202	Q0	1100928_nation_story_12989417.utf8	85	4.589374	shuvam
202	Q0	1080805_sports_story_9646702.utf8	86	4.576912	shuvam
202	Q0	1100323_opinion_story_12247610.utf8	87	4.519552	shuvam
202	Q0	1041201_nation_story_4070939.utf8	88	4.505678	shuvam
202	Q0	1090406_frontpage_story_10780914.utf8	89	4.494360	shuvam
202	Q0	1050216_calcutta_story_4383324.utf8	90	4.491270	shuvam
202	Q0	1101126_frontpage_story_13223997.utf8	91	4.485067	shuvam
202	Q0	1050227_bengal_story_4430738.utf8	92	4.485067	shuvam
202	Q0	en.15.80.71.2008.8.21	93	4.483609	shuvam
202	Q0	1101210_nation_story_13282600.utf8	94	4.481606	shuvam
202	Q0	1080701_opinion_story_9480723.utf8	95	4.481248	shuvam
202	Q0	1070805_calcutta_story_8151527.utf8	96	4.473248	shuvam
202	Q0	1100611_foreign_story_12553049.utf8	97	4.453816	shuvam
202	Q0	en.15.100.257.2008.12.15	98	4.428240	shuvam
202	Q0	1070830_nation_story_8254379.utf8	99	4.425124	shuvam
202	Q0	en.15.101.190.2008.12.16	100	4.419618	shuvam
203	Q0	en.2.279.164.2009.8.31	1	12.583246	shuvam
203	Q0	en.15.212.496.2007.10.9	2	12.256632	shuvam
203	Q0	1081021_nation_story_9997499.utf8	3	12.225793	shuvam
203	Q0	1061108_nation_story_6972971.utf8	4	12.115362	shuvam
203	Q0	en.3.391.331.2007.9.14	5	11.999334	shuvam
203	Q0	1030421_nation_story_1892978.utf8	6	11.801416	shuvam
203	Q0	1080918_nation_story_9851394.utf8	7	11.734470	shuvam
203	Q0	en.15.91.296.2008.10.22	8	11.622573	shuvam
203	Q0	1081124_foreign_story_10155237.utf8	9	11.220366	shuvam
203	Q0	en.15.242.308.2008.2.15	10	11.185610	shuvam
203	Q0	en.15.91.116.2008.10.22	11	10.985120	shuvam
203	Q0	1101226_nation_story_13350923.utf8	12	10.947502	shuvam
203	Q0	en.15.132.71.2009.6.26	13	10.940835	shuvam
203	Q0	en.15.91.204.2008.10.21	14	10.862915	shuvam
203	Q0	1031018_nation_story_2473901.utf8	15	10.738567	shuvam
203	Q0	en.15.95.348.2008.11.15	16	10.714875	shuvam
203	Q0	en.15.94.488.2008.11.7	17	10.564949	shuvam
203	Q0	1081022_calcutta_story_10000130.utf8	18	10.507676	shuvam
203	Q0	en.15.88.202.2008.10.7	19	10.506539	shuvam
203	Q0	en.3.329.110.2009.9.24	20	10.451129	shuvam
203	Q0	en.3.400.49.2007.10.24	21	10.345678	shuvam
203	Q0	1081023_foreign_story_10008354.utf8	22	10.322793	shuvam
203	Q0	en.15.240.305.2008.2.7	23	10.000525	shuvam
203	Q0	en.15.101.4.2008.12.18	24	9.925614	shuvam
203	Q0	1081109_frontpage_story_10085204.utf8	25	9.908461	shuvam
203	Q0	en.3.395.37.2007.10.4	26	9.776732	shuvam
203	Q0	1081023_opinion_story_10004605.utf8	27	9.771048	shuvam
203	Q0	1050227_nation_story_4430282.utf8	28	9.695524	shuvam
203	Q0	en.15.113.425.2009.3.6	29	9.693224	shuvam
203	Q0	1080201_nation_story_8850632.utf8	30	9.591461	shuvam
203	Q0	1090620_foreign_story_11136586.utf8	31	9.507382	shuvam
203	Q0	en.3.403.311.2007.11.5	32	9.461599	shuvam
203	Q0	en.3.358.85.2010.4.15	33	9.301448	shuvam
203	Q0	en.3.403.14.2007.11.5	34	9.036270	shuvam
203	Q0	1050628_nation_story_4923464.utf8	35	8.910438	shuvam
203	Q0	1080429_nation_story_9202415.utf8	36	8.838757	shuvam
203	Q0	en.3.333.89.1970.1.1	37	8.537784	shuvam
203	Q0	en.2.268.75.2009.6.18	38	8.468750	shuvam
203	Q0	en.15.87.384.2008.9.29	39	8.445496	shuvam
203	Q0	1081206_calcutta_story_10214513.utf8	40	8.399678	shuvam
203	Q0	1020922_opinion_story_1215816.utf8	41	8.384027	shuvam
203	Q0	en.2.277.259.2009.8.16	42	8.351298	shuvam
203	Q0	en.3.329.457.2009.9.24	43	8.044517	shuvam
203	Q0	1081023_frontpage_story_10008337.utf8	44	8.011774	shuvam
203	Q0	en.2.258.183.2009.4.20	45	8.002377	shuvam
203	Q0	1060118_nation_story_5735288.utf8	46	8.000566	shuvam
203	Q0	1090925_frontpage_story_11540499.utf8	47	7.936595	shuvam
203	Q0	1101226_frontpage_story_13350927.utf8	48	7.932176	shuvam
203	Q0	1040315_frontpage_story_3005907.utf8	49	7.926527	shuvam
203	Q0	1091205_calcutta_story_11822685.utf8	50	7.807523	shuvam
203	Q0	1071217_frontpage_story_8677336.utf8	51	7.788376	shuvam
203	Q0	1090830_frontpage_story_11427766.utf8	52	7.729559	shuvam
203	Q0	1060511_opinion_story_6207351.utf8	53	7.685875	shuvam
203	Q0	1081118_nation_story_10126793.utf8	54	7.684893	shuvam
203	Q0	1030421_nation_index.utf8	55	7.590690	shuvam
203	Q0	1100713_frontpage_story_12677439.utf8	56	7.569871	shuvam
203	Q0	1081026_frontpage_story_10022026.utf8	57	7.563085	shuvam
203	Q0	en.15.209.306.2007.9.26	58	7.544082	shuvam
203	Q0	1090831_frontpage_story_11430664.utf8	59	7.488214	shuvam
203	Q0	1090926_frontpage_story_11544572.utf8	60	7.484285	shuvam
203	Q0	1081115_frontpage_story_10114226.utf8	61	7.352396	shuvam
203	Q0	1080228_nation_story_8958626.utf8	62	7.342484	shuvam
203	Q0	1081022_frontpage_story_10002310.utf8	63	7.330643	shuvam
203	Q0	1060510_frontpage_story_6205562.utf8	64	7.286157	shuvam
203	Q0	en.15.225.197.2007.12.3	65	7.253841	shuvam
203	Q0	en.15.92.363.2008.10.30	66	7.201627	shuvam
203	Q0	1081101_calcutta_story_10045164.utf8	67	7.198519	shuvam
203	Q0	en.15.111.171.2009.3.22	68	7.146214	shuvam
203	Q0	1031016_opinion_story_2463532.utf8	69	7.145734	shuvam
203	Q0	en.3.407.464.2007.11.26	70	7.145478	shuvam
203	Q0	1041205_frontpage_story_4088907.utf8	71	7.110280	shuvam
203	Q0	1081020_nation_story_9993045.utf8	72	7.101146	shuvam
203	Q0	1060327_foreign_story_6019089.utf8	73	7.099113	shuvam
203	Q0	en.2.268.466.2009.6.17	74	7.078267	shuvam
203	Q0	1081021_nation_index.utf8	75	7.028480	shuvam
203	Q0	1061218_opinion_story_7102785.utf8	76	7.028473	shuvam
203	Q0	en.15.201.282.2007.8.13	77	7.009041	shuvam
203	Q0	en.3.329.1.1970.1.1	78	6.993426	shuvam
203	Q0	1100131_foreign_story_12048638.utf8	79	6.981977	shuvam
203	Q0	1071025_foreign_story_8471143.utf8	80	6.951739	shuvam
203	Q0	1100920_frontpage_story_12958151.utf8	81	6.920644	shuvam
203	Q0	1100831_nation_story_12877381.utf8	82	6.839098	shuvam
203	Q0	en.2.268.201.2009.6.17	83	6.798749	shuvam
203	Q0	1040621_nation_story_3396622.utf8	84	6.780222	shuvam
203	Q0	1080125_nation_story_8824978.utf8	85	6.765268	shuvam
203	Q0	en.3.383.371.2007.8.5	86	6.721001	shuvam
203	Q0	1081113_nation_story_10104210.utf8	87	6.716203	shuvam
203	Q0	1090128_nation_story_10449332.utf8	88	6.642871	shuvam
203	Q0	1090718_frontpage_story_11252645.utf8	89	6.635421	shuvam
203	Q0	1030730_frontpage_story_2214967.utf8	90	6.630897	shuvam
203	Q0	1090909_nation_story_11469728.utf8	91	6.610520	shuvam
203	Q0	en.15.253.483.2008.3.26	92	6.602950	shuvam
203	Q0	en.15.210.27.2007.9.27	93	6.588120	shuvam
203	Q0	1040110_foreign_story_2771768.utf8	94	6.521141	shuvam
203	Q0	1030822_calcutta_story_2281674.utf8	95	6.518429	shuvam
203	Q0	1091021_frontpage_story_11639108.utf8	96	6.513757	shuvam
203	Q0	en.15.246.130.2008.2.29	97	6.500653	shuvam
203	Q0	1050914_nation_story_5236675.utf8	98	6.495562	shuvam
203	Q0	1070702_frontpage_story_8004029.utf8	99	6.458890	shuvam
203	Q0	1031018_nation_story_2473899.utf8	100	6.455477	shuvam
204	Q0	1101122_nation_story_13205735.utf8	1	7.354698	shuvam
204	Q0	1021223_opinion_story_1501111.utf8	2	7.021519	shuvam
204	Q0	1021126_nation_story_1421356.utf8	3	7.019209	shuvam
204	Q0	1050827_opinion_story_5159745.utf8	4	7.000004	shuvam
204	Q0	1060726_calcutta_story_6521941.utf8	5	6.989467	shuvam
204	Q0	en.15.113.12.2009.3.9	6	6.988727	shuvam
204	Q0	1060104_opinion_story_5669523.utf8	7	6.971702	shuvam
204	Q0	1081202_nation_story_10194466.utf8	8	6.897944	shuvam
204	Q0	en.15.88.49.2008.10.6	9	6.893201	shuvam
204	Q0	1021226_opinion_story_1508990.utf8	10	6.892753	shuvam
204	Q0	en.15.101.275.2008.12.16	11	6.702951	shuvam
204	Q0	1050707_nation_story_4959908.utf8	12	6.689458	shuvam
204	Q0	1040308_nation_story_2977708.utf8	13	6.666416	shuvam
204	Q0	en.15.102.145.2008.12.22	14	6.615248	shuvam
204	Q0	en.15.99.140.2008.12.5	15	6.602278	shuvam
204	Q0	1080930_frontpage_story_9907557.utf8	16	6.599449	shuvam
204	Q0	1100308_nation_story_12190786.utf8	17	6.595255	shuvam
204	Q0	1071129_opinion_story_8594118.utf8	18	6.562813	shuvam
204	Q0	1050712_opinion_story_4980024.utf8	19	6.552261	shuvam
204	Q0	1090804_opinion_story_11306433.utf8	20	6.530290	shuvam
204	Q0	en.15.98.73.2008.11.28	21	6.529470	shuvam
204	Q0	en.15.91.23.2008.10.24	22	6.522332	shuvam
204	Q0	1030509_nation_story_1951726.utf8	23	6.521802	shuvam
204	Q0	en.15.101.172.2008.12.19	24	6.512050	shuvam
204	Q0	en.15.104.426.2009.1.6	25	6.485881	shuvam
204	Q0	en.15.100.441.2008.12.12	26	6.474175	shuvam
204	Q0	1090220_opinion_story_10560405.utf8	27	6.443224	shuvam
204	Q0	1061220_opinion_story_7149202.utf8	28	6.416154	shuvam
204	Q0	en.15.100.102.2008.12.11	29	6.403604	shuvam
204	Q0	en.15.91.477.2008.10.24	30	6.376075	shuvam
204	Q0	1021219_frontpage_story_1495478.utf8	31	6.374021	shuvam
204	Q0	en.15.115.197.2009.2.13	32	6.360216	shuvam
204	Q0	en.15.98.42.2008.11.28	33	6.343395	shuvam
204	Q0	1021219_nation_story_1495487.utf8	34	6.333692	shuvam
204	Q0	1030122_frontpage_story_1597102.utf8	35	6.313710	shuvam
204	Q0	en.15.98.270.2008.12.2	36	6.293932	shuvam
204	Q0	en.15.100.4.2008.12.11	37	6.283038	shuvam
204	Q0	1030218_nation_story_1683050.utf8	38	6.274851	shuvam
204	Q0	1030201_frontpage_story_1628132.utf8	39	6.272410	shuvam
204	Q0	1021126_nation_story_1421353.utf8	40	6.246979	shuvam
204	Q0	1050711_opinion_story_4957028.utf8	41	6.238712	shuvam
204	Q0	1031025_nation_story_2497935.utf8	42	6.221169	shuvam
204	Q0	1030516_nation_story_1974488.utf8	43	6.196172	shuvam
204	Q0	1030524_foreign_story_2000255.utf8	44	6.190699	shuvam
204	Q0	1021213_nation_story_1476347.utf8	45	6.188299	shuvam
204	Q0	1030717_foreign_story_2172208.utf8	46	6.175940	shuvam
204	Q0	en.3.352.62.2010.3.8	47	6.172711	shuvam
204	Q0	1030612_nation_story_2060536.utf8	48	6.155219	shuvam
204	Q0	1021106_opinion_story_1346044.utf8	49	6.126884	shuvam
204	Q0	1021231_opinion_story_1528078.utf8	50	6.104086	shuvam
204	Q0	1091012_foreign_story_11604586.utf8	51	6.100224	shuvam
204	Q0	en.15.103.161.2009.1.1	52	6.088459	shuvam
204	Q0	1030827_nation_story_2304553.utf8	53	6.073739	shuvam
204	Q0	1030122_nation_story_1597384.utf8	54	6.051424	shuvam
204	Q0	1090206_nation_story_10494127.utf8	55	6.024639	shuvam
204	Q0	en.15.135.327.2009.7.18	56	6.018502	shuvam
204	Q0	1020925_nation_story_1232036.utf8	57	6.014480	shuvam
204	Q0	1100525_opinion_story_12470796.utf8	58	6.012129	shuvam
204	Q0	1031210_foreign_story_2663350.utf8	59	6.001573	shuvam
204	Q0	1021203_nation_story_1442948.utf8	60	5.971282	shuvam
204	Q0	1081203_nation_story_10199604.utf8	61	5.955032	shuvam
204	Q0	1091129_opinion_story_11786119.utf8	62	5.943663	shuvam
204	Q0	1030515_frontpage_story_1971133.utf8	63	5.936422	shuvam
204	Q0	1060610_opinion_story_6314270.utf8	64	5.920546	shuvam
204	Q0	en.15.128.205.2009.6.3	65	5.904243	shuvam
204	Q0	1040722_nation_story_3526971.utf8	66	5.884715	shuvam
204	Q0	1050211_nation_story_4364744.utf8	67	5.874591	shuvam
204	Q0	1030210_opinion_story_1654627.utf8	68	5.872298	shuvam
204	Q0	1090115_nation_story_10392802.utf8	69	5.872298	shuvam
204	Q0	1070730_nation_story_8124357.utf8	70	5.870558	shuvam
204	Q0	1060714_nation_story_6477484.utf8	71	5.864829	shuvam
204	Q0	1021218_nation_story_1491264.utf8	72	5.859165	shuvam
204	Q0	1091224_nation_story_11903295.utf8	73	5.857268	shuvam
204	Q0	en.15.151.498.2009.11.5	74	5.853179	shuvam
204	Q0	1090730_nation_story_11299788.utf8	75	5.837327	shuvam
204	Q0	1080325_nation_story_9054222.utf8	76	5.837003	shuvam
204	Q0	1070903_opinion_story_8256770.utf8	77	5.835518	shuvam
204	Q0	en.15.98.353.2008.12.2	78	5.822034	shuvam
204	Q0	1081212_nation_story_10242047.utf8	79	5.816846	shuvam
204	Q0	1100628_nation_story_12619326.utf8	80	5.813669	shuvam
204	Q0	1021214_frontpage_story_1480191.utf8	81	5.808514	shuvam
204	Q0	en.3.343.12.2010.1.13	82	5.800786	shuvam
204	Q0	1030926_opinion_story_2385114.utf8	83	5.799644	shuvam
204	Q0	1040520_foreign_story_3269739.utf8	84	5.796510	shuvam
204	Q0	1080224_sports_story_8941844.utf8	85	5.793406	shuvam
204	Q0	1021213_frontpage_story_1476736.utf8	86	5.791633	shuvam
204	Q0	1030522_nation_story_1993049.utf8	87	5.791083	shuvam
204	Q0	en.15.98.203.2008.11.30	88	5.784813	shuvam
204	Q0	1021218_nation_story_1491874.utf8	89	5.784088	shuvam
204	Q0	1090118_nation_story_10406318.utf8	90	5.770959	shuvam
204	Q0	1050504_opinion_story_4690501.utf8	91	5.753150	shuvam
204	Q0	en.15.100.89.2008.12.14	92	5.749061	shuvam
204	Q0	en.15.98.222.2008.11.29	93	5.746350	shuvam
204	Q0	1101109_nation_story_13159692.utf8	94	5.743200	shuvam
204	Q0	1061006_opinion_story_6831081.utf8	95	5.737054	shuvam
204	Q0	1081221_frontpage_story_10282329.utf8	96	5.726862	shuvam
204	Q0	1090213_nation_story_10528248.utf8	97	5.721339	shuvam
204	Q0	1030314_nation_story_1766985.utf8	98	5.718015	shuvam
204	Q0	1090304_nation_story_10622538.utf8	99	5.717118	shuvam
204	Q0	1100304_opinion_story_12171566.utf8	100	5.710496	shuvam
205	Q0	1101024_nation_story_13094132.utf8	1	11.004070	shuvam
205	Q0	1060924_frontpage_story_6786709.utf8	2	10.725880	shuvam
205	Q0	1061218_nation_story_7135064.utf8	3	10.540132	shuvam
205	Q0	1060914_nation_story_6742396.utf8	4	10.391836	shuvam
205	Q0	1080302_nation_story_8970352.utf8	5	10.363760	shuvam
205	Q0	1050315_nation_story_4494722.utf8	6	10.157042	shuvam
205	Q0	1040625_bengal_story_3414882.utf8	7	10.154553	shuvam
205	Q0	1030516_opinion_story_1971982.utf8	8	10.110394	shuvam
205	Q0	1081108_nation_story_10080634.utf8	9	10.031928	shuvam
205	Q0	1030603_nation_story_2031213.utf8	10	9.891249	shuvam
205	Q0	1090313_nation_story_10663199.utf8	11	9.850586	shuvam
205	Q0	1040305_opinion_story_2955295.utf8	12	9.825788	shuvam
205	Q0	en.15.72.430.2008.6.19	13	9.822653	shuvam
205	Q0	1071218_nation_story_8679610.utf8	14	9.809118	shuvam
205	Q0	1021225_calcutta_story_1501023.utf8	15	9.764295	shuvam
205	Q0	1030602_frontpage_story_2027900.utf8	16	9.750799	shuvam
205	Q0	1030603_calcutta_story_2030345.utf8	17	9.690932	shuvam
205	Q0	1090311_nation_story_10656240.utf8	18	9.680340	shuvam
205	Q0	1081011_nation_story_9953344.utf8	19	9.676221	shuvam
205	Q0	1030603_opinion_story_2029187.utf8	20	9.630106	shuvam
205	Q0	1060913_opinion_story_6735988.utf8	21	9.472622	shuvam
205	Q0	1050504_foreign_story_4693279.utf8	22	9.446239	shuvam
205	Q0	1060926_nation_story_6794308.utf8	23	9.440514	shuvam
205	Q0	1071113_sports_story_8542216.utf8	24	9.394741	shuvam
205	Q0	1031101_nation_story_2524017.utf8	25	9.342216	shuvam
205	Q0	1030331_calcutta_story_1822923.utf8	26	9.328315	shuvam
205	Q0	en.3.405.354.2007.11.15	27	9.326904	shuvam
205	Q0	1021101_opinion_story_1343053.utf8	28	9.310140	shuvam
205	Q0	1060404_bengal_story_6054632.utf8	29	9.149319	shuvam
205	Q0	1030426_nation_story_1911966.utf8	30	9.093907	shuvam
205	Q0	1061112_frontpage_story_6990920.utf8	31	9.013074	shuvam
205	Q0	1060830_nation_story_6675794.utf8	32	9.007023	shuvam
205	Q0	1080403_opinion_story_9085652.utf8	33	8.874104	shuvam
205	Q0	1030317_opinion_story_1773856.utf8	34	8.849138	shuvam
205	Q0	1100110_nation_story_11965692.utf8	35	8.538378	shuvam
205	Q0	1070714_frontpage_story_8058219.utf8	36	8.399529	shuvam
205	Q0	en.3.400.219.2007.10.27	37	8.291527	shuvam
205	Q0	1030517_nation_story_1977992.utf8	38	8.265921	shuvam
205	Q0	1040317_nation_story_3013316.utf8	39	8.264382	shuvam
205	Q0	1061118_nation_story_7019027.utf8	40	8.232502	shuvam
205	Q0	1060812_nation_story_6601880.utf8	41	8.205309	shuvam
205	Q0	1100719_frontpage_story_12700203.utf8	42	8.180891	shuvam
205	Q0	1060912_nation_story_6733762.utf8	43	8.180891	shuvam
205	Q0	1030324_bengal_story_1798479.utf8	44	8.171223	shuvam
205	Q0	1040525_bengal_story_3289047.utf8	45	8.113028	shuvam
205	Q0	1081113_frontpage_story_10104428.utf8	46	8.103114	shuvam
205	Q0	1030122_bengal_story_1597029.utf8	47	8.094156	shuvam
205	Q0	1041028_calcutta_story_3894892.utf8	48	8.082169	shuvam
205	Q0	1030107_nation_story_1550406.utf8	49	8.053005	shuvam
205	Q0	en.15.73.201.2008.6.29	50	7.947927	shuvam
205	Q0	1080609_nation_story_9385446.utf8	51	7.947927	shuvam
205	Q0	1021113_bengal_story_1380164.utf8	52	7.841705	shuvam
205	Q0	1021101_bengal_story_1345038.utf8	53	7.787126	shuvam
205	Q0	en.3.410.455.2007.12.8	54	7.732385	shuvam
205	Q0	1040712_opinion_story_3478838.utf8	55	7.683998	shuvam
205	Q0	en.15.108.315.2009.2.2	56	7.680191	shuvam
205	Q0	1030614_bengal_story_2067989.utf8	57	7.571992	shuvam
205	Q0	1030421_bengal_story_1893431.utf8	58	7.537437	shuvam
205	Q0	1060925_opinion_story_6787845.utf8	59	7.457882	shuvam
205	Q0	1030607_opinion_story_2040855.utf8	60	7.439580	shuvam
205	Q0	1071209_opinion_story_8645107.utf8	61	7.270006	shuvam
205	Q0	1091119_calcutta_story_11755682.utf8	62	7.138380	shuvam
205	Q0	1070301_business_story_7455799.utf8	63	7.061038	shuvam
205	Q0	1081026_nation_story_10022088.utf8	64	6.997313	shuvam
205	Q0	1030415_calcutta_story_1872960.utf8	65	6.903501	shuvam
205	Q0	1071209_opinion_index.utf8	66	6.903501	shuvam
205	Q0	1031112_nation_index.utf8	67	6.894931	shuvam
205	Q0	1101024_nation_index.utf8	68	6.861223	shuvam
205	Q0	1090310_frontpage_story_10651757.utf8	69	6.733468	shuvam
205	Q0	1050809_opinion_index.utf8	70	6.663771	shuvam
205	Q0	1061218_nation_index.utf8	71	6.541352	shuvam
205	Q0	1030407_calcutta_story_1844866.utf8	72	6.444097	shuvam
205	Q0	en.3.380.21.2007.7.18	73	6.299334	shuvam
205	Q0	1060701_calcutta_story_6420421.utf8	74	6.187788	shuvam
205	Q0	1061107_opinion_story_6966463.utf8	75	6.119986	shuvam
205	Q0	1020907_nation_story_1176908.utf8	76	6.071355	shuvam
205	Q0	1080706_calcutta_story_9508199.utf8	77	6.056888	shuvam
205	Q0	1060610_nation_story_6334659.utf8	78	6.049772	shuvam
205	Q0	1041118_calcutta_story_4014983.utf8	79	6.049772	shuvam
205	Q0	1050821_nation_story_5137894.utf8	80	6.015488	shuvam
205	Q0	1060722_nation_story_6501296.utf8	81	5.945016	shuvam
205	Q0	en.3.400.170.2007.10.25	82	5.919282	shuvam
205	Q0	1020919_bengal_story_1213338.utf8	83	5.919282	shuvam
205	Q0	1040625_bengal_index.utf8	84	5.918139	shuvam
205	Q0	en.15.98.72.2008.11.28	85	5.889280	shuvam
205	Q0	1030416_calcutta_story_1875912.utf8	86	5.872367	shuvam
205	Q0	1061106_calcutta_story_6962280.utf8	87	5.872367	shuvam
205	Q0	1080410_nation_story_9119101.utf8	88	5.869388	shuvam
205	Q0	1070327_opinion_story_7537919.utf8	89	5.863606	shuvam
205	Q0	1040227_opinion_story_2944060.utf8	90	5.861607	shuvam
205	Q0	1050315_opinion_story_4492375.utf8	91	5.812527	shuvam
205	Q0	en.15.256.131.2008.4.7	92	5.808279	shuvam
205	Q0	1061006_opinion_story_6830869.utf8	93	5.801481	shuvam
205	Q0	en.15.202.322.2007.8.16	94	5.743513	shuvam
205	Q0	1041007_nation_story_3851528.utf8	95	5.743513	shuvam
205	Q0	1080302_nation_index.utf8	96	5.696146	shuvam
205	Q0	1041013_bengal_story_3876371.utf8	97	5.696146	shuvam
205	Q0	1060110_bengal_story_5702267.utf8	98	5.685030	shuvam
205	Q0	en.15.102.176.2008.12.22	99	5.662984	shuvam
205	Q0	1081011_nation_index.utf8	100	5.653731	shuvam
206	Q0	1100510_opinion_story_12420420.utf8	1	12.092625	shuvam
206	Q0	1100504_nation_index.utf8	2	11.665970	shuvam
206	Q0	en.2.258.21.2009.4.16	3	11.174828	shuvam
206	Q0	1100503_frontpage_story_12407714.utf8	4	11.157736	shuvam
206	Q0	1101020_nation_story_13077753.utf8	5	11.076052	shuvam
206	Q0	1081213_frontpage_story_10246675.utf8	6	11.068665	shuvam
206	Q0	1090721_frontpage_story_112631940.utf8	7	10.834994	shuvam
206	Q0	en.2.291.4.2009.11.30	8	10.599351	shuvam
206	Q0	1090219_nation_story_10558880.utf8	9	10.573778	shuvam
206	Q0	1100609_nation_story_12545289.utf8	10	10.522883	shuvam
206	Q0	en.15.121.53.2009.4.24	11	10.507240	shuvam
206	Q0	1100426_nation_story_12380817.utf8	12	10.298749	shuvam
206	Q0	1081208_nation_story_10221288.utf8	13	10.291363	shuvam
206	Q0	1090101_nation_story_10328284.utf8	14	10.284222	shuvam
206	Q0	1090310_nation_story_10651015.utf8	15	10.252954	shuvam
206	Q0	en.15.119.61.2009.4.15	16	10.205433	shuvam
206	Q0	1090721_nation_story_11262733.utf8	17	10.161037	shuvam
206	Q0	1090721_nation_story_11262731.utf8	18	10.159602	shuvam
206	Q0	en.15.123.476.2009.5.6	19	10.107103	shuvam
206	Q0	en.15.109.169.2009.3.30	20	10.103073	shuvam
206	Q0	1100507_frontpage_story_12422172.utf8	21	10.097028	shuvam
206	Q0	en.15.119.461.2009.4.15	22	10.073798	shuvam
206	Q0	en.13.51.305.2010.5.3	23	10.070371	shuvam
206	Q0	en.13.51.113.2010.5.3	24	9.994922	shuvam
206	Q0	1100504_frontpage_index.utf8	25	9.992055	shuvam
206	Q0	1090807_frontpage_story_113312681.utf8	26	9.971428	shuvam
206	Q0	1100504_frontpage_story_12409729.utf8	27	9.962511	shuvam
206	Q0	1101024_opinion_story_13084069.utf8	28	9.925946	shuvam
206	Q0	1100517_frontpage_story_12458558.utf8	29	9.894894	shuvam
206	Q0	1090418_nation_story_10839642.utf8	30	9.886642	shuvam
206	Q0	1081204_frontpage_story_10204605.utf8	31	9.873932	shuvam
206	Q0	en.13.51.249.2010.5.3	32	9.867869	shuvam
206	Q0	1090226_frontpage_story_10593426.utf8	33	9.831617	shuvam
206	Q0	1090417_nation_story_10834821.utf8	34	9.822432	shuvam
206	Q0	1090406_nation_story_10779409.utf8	35	9.793512	shuvam
206	Q0	en.15.136.269.2009.7.20	36	9.787457	shuvam
206	Q0	1091128_nation_story_11796270.utf8	37	9.766752	shuvam
206	Q0	1090331_nation_story_10750029.utf8	38	9.756557	shuvam
206	Q0	1100505_nation_story_12413793.utf8	39	9.718340	shuvam
206	Q0	1090507_nation_story_10926516.utf8	40	9.687735	shuvam
206	Q0	1090808_nation_story_11334378.utf8	41	9.639073	shuvam
206	Q0	1090611_frontpage_story_11094020.utf8	42	9.623202	shuvam
206	Q0	en.15.136.469.2009.7.23	43	9.621746	shuvam
206	Q0	1100929_nation_story_12995563.utf8	44	9.604887	shuvam
206	Q0	1100504_nation_story_12409694.utf8	45	9.593647	shuvam
206	Q0	en.15.156.148.2009.12.18	46	9.552513	shuvam
206	Q0	1090722_nation_story_11267514.utf8	47	9.549977	shuvam
206	Q0	1091126_nation_story_11788656.utf8	48	9.497231	shuvam
206	Q0	en.15.179.182.2010.5.4	49	9.449039	shuvam
206	Q0	1100204_nation_story_12065261.utf8	50	9.416344	shuvam
206	Q0	en.15.156.482.2009.12.18	51	9.395914	shuvam
206	Q0	1081228_nation_story_10311468.utf8	52	9.395914	shuvam
206	Q0	1090723_nation_story_11271901.utf8	53	9.395597	shuvam
206	Q0	1100401_nation_story_12290437.utf8	54	9.395597	shuvam
206	Q0	en.15.100.325.2008.12.12	55	9.392206	shuvam
206	Q0	1090603_nation_story_11056687.utf8	56	9.375242	shuvam
206	Q0	1091127_opinion_story_11792665.utf8	57	9.367151	shuvam
206	Q0	1100507_nation_index.utf8	58	9.360616	shuvam
206	Q0	1101022_nation_story_13086654.utf8	59	9.359553	shuvam
206	Q0	1090723_nation_story_11271897.utf8	60	9.337635	shuvam
206	Q0	1100507_nation_story_12422008.utf8	61	9.326507	shuvam
206	Q0	en.3.360.454.2010.4.25	62	9.323180	shuvam
206	Q0	1090421_nation_story_10852786.utf8	63	9.321452	shuvam
206	Q0	1100507_frontpage_index.utf8	64	9.287956	shuvam
206	Q0	1090102_nation_story_10332638.utf8	65	9.285672	shuvam
206	Q0	1081224_frontpage_story_10295951.utf8	66	9.264132	shuvam
206	Q0	1090228_nation_story_10604169.utf8	67	9.253954	shuvam
206	Q0	1090721_nation_index.utf8	68	9.216417	shuvam
206	Q0	1100509_nation_story_12428662.utf8	69	9.205122	shuvam
206	Q0	1100504_nation_story_12409695.utf8	70	9.193755	shuvam
206	Q0	en.3.356.313.2010.3.31	71	9.183084	shuvam
206	Q0	1090721_frontpage_index.utf8	72	9.145971	shuvam
206	Q0	1091127_frontpage_story_11792683.utf8	73	9.134976	shuvam
206	Q0	en.15.115.243.2009.2.27	74	9.106412	shuvam
206	Q0	1090721_frontpage_story_11263194.utf8	75	9.062764	shuvam
206	Q0	en.15.135.463.2009.7.20	76	9.035078	shuvam
206	Q0	1090720_frontpage_story_11258017.utf8	77	9.034395	shuvam
206	Q0	1100112_nation_story_11972230.utf8	78	9.012074	shuvam
206	Q0	1090912_nation_story_11484797.utf8	79	8.961074	shuvam
206	Q0	1090512_frontpage_story_10951482.utf8	80	8.919662	shuvam
206	Q0	1091201_nation_story_11805861.utf8	81	8.884526	shuvam
206	Q0	1100504_nation_story_12409693.utf8	82	8.864150	shuvam
206	Q0	1091219_nation_story_11885254.utf8	83	8.858244	shuvam
206	Q0	1081220_frontpage_story_10278698.utf8	84	8.854416	shuvam
206	Q0	1090825_nation_story_11404771.utf8	85	8.839579	shuvam
206	Q0	1100928_frontpage_story_129899660.utf8	86	8.835379	shuvam
206	Q0	1100511_opinion_story_12432089.utf8	87	8.830870	shuvam
206	Q0	1100829_nation_story_12868973.utf8	88	8.798110	shuvam
206	Q0	1090101_nation_story_10325739.utf8	89	8.771730	shuvam
206	Q0	1100731_nation_story_12753510.utf8	90	8.768902	shuvam
206	Q0	1090321_nation_story_10702517.utf8	91	8.767502	shuvam
206	Q0	1100622_frontpage_story_12592357.utf8	92	8.766991	shuvam
206	Q0	1090724_nation_story_11276690.utf8	93	8.763697	shuvam
206	Q0	1100507_nation_story_12422166.utf8	94	8.754628	shuvam
206	Q0	1081221_nation_story_10281923.utf8	95	8.751697	shuvam
206	Q0	en.15.148.240.2009.10.7	96	8.713894	shuvam
206	Q0	en.15.111.252.2009.3.23	97	8.703068	shuvam
206	Q0	1100513_nation_story_12444205.utf8	98	8.684675	shuvam
206	Q0	1090429_frontpage_story_10891413.utf8	99	8.669105	shuvam
206	Q0	1090404_nation_story_10772216.utf8	100	8.664349	shuvam
207	Q0	1100413_nation_story_12333447.utf8	1	11.326384	shuvam
207	Q0	1100115_sports_story_11984355.utf8	2	11.296675	shuvam
207	Q0	1100330_frontpage_story_12280459.utf8	3	11.154332	shuvam
207	Q0	en.3.358.462.2010.4.12	4	10.896105	shuvam
207	Q0	en.3.358.474.2010.4.11	5	10.838013	shuvam
207	Q0	en.3.358.323.2010.4.11	6	10.608910	shuvam
207	Q0	1100428_sports_story_12386612.utf8	7	10.595168	shuvam
207	Q0	en.3.356.399.2010.4.1	8	10.568521	shuvam
207	Q0	en.3.360.448.2010.4.23	9	10.446177	shuvam
207	Q0	1100601_nation_story_12509580.utf8	10	10.413311	shuvam
207	Q0	1100404_nation_story_12300892.utf8	11	10.291075	shuvam
207	Q0	1100410_opinion_story_12324200.utf8	12	10.251248	shuvam
207	Q0	1100407_frontpage_story_12311669.utf8	13	10.200526	shuvam
207	Q0	en.3.356.317.2010.3.30	14	10.115755	shuvam
207	Q0	1100608_sports_story_12541444.utf8	15	9.960772	shuvam
207	Q0	en.3.357.321.1970.1.1	16	9.932496	shuvam
207	Q0	en.3.358.495.2010.4.12	17	9.910619	shuvam
207	Q0	1051128_opinion_story_5531855.utf8	18	9.665895	shuvam
207	Q0	1100129_nation_story_12041583.utf8	19	9.646283	shuvam
207	Q0	1100411_frontpage_story_12325895.utf8	20	9.514908	shuvam
207	Q0	1100611_sports_story_12552274.utf8	21	9.509556	shuvam
207	Q0	1060919_calcutta_story_6762299.utf8	22	9.434383	shuvam
207	Q0	en.3.356.426.2010.4.3	23	9.379245	shuvam
207	Q0	1051119_nation_story_5495936.utf8	24	9.258858	shuvam
207	Q0	1100423_sports_story_12369640.utf8	25	9.171667	shuvam
207	Q0	1100408_frontpage_story_12316584.utf8	26	9.147756	shuvam
207	Q0	en.3.356.408.2010.4.2	27	9.060785	shuvam
207	Q0	1100405_frontpage_story_12303356.utf8	28	8.810753	shuvam
207	Q0	1100401_frontpage_story_12290475.utf8	29	8.754945	shuvam
207	Q0	en.3.357.5.2010.4.7	30	8.656590	shuvam
207	Q0	en.3.357.111.2010.4.5	31	8.622483	shuvam
207	Q0	en.3.356.154.2010.4.2	32	8.593719	shuvam
207	Q0	1100403_nation_story_12297790.utf8	33	8.589076	shuvam
207	Q0	1100410_frontpage_story_12324542.utf8	34	8.534462	shuvam
207	Q0	1050321_opinion_story_4509342.utf8	35	8.505456	shuvam
207	Q0	en.3.357.495.2010.4.10	36	8.495708	shuvam
207	Q0	1090709_nation_story_11214883.utf8	37	8.467867	shuvam
207	Q0	1050919_opinion_story_5228742.utf8	38	8.466045	shuvam
207	Q0	1090530_frontpage_story_11037047.utf8	39	8.308146	shuvam
207	Q0	1100408_calcutta_story_12314588.utf8	40	8.240296	shuvam
207	Q0	1100425_nation_story_12378209.utf8	41	8.183564	shuvam
207	Q0	1080627_sports_story_9470416.utf8	42	8.170988	shuvam
207	Q0	1051009_sports_story_5337204.utf8	43	8.128233	shuvam
207	Q0	1080726_sports_story_9603069.utf8	44	8.115891	shuvam
207	Q0	1080211_opinion_story_8878747.utf8	45	8.047808	shuvam
207	Q0	1100401_frontpage_index.utf8	46	7.950680	shuvam
207	Q0	1100331_frontpage_story_12285432.utf8	47	7.921124	shuvam
207	Q0	1090211_sports_story_10517068.utf8	48	7.918972	shuvam
207	Q0	1060924_sports_story_6786378.utf8	49	7.903227	shuvam
207	Q0	en.3.357.362.2010.4.7	50	7.856591	shuvam
207	Q0	1101010_sports_story_13040499.utf8	51	7.846140	shuvam
207	Q0	1050905_nation_story_5198963.utf8	52	7.841052	shuvam
207	Q0	en.3.357.33.2010.4.8	53	7.812376	shuvam
207	Q0	1050214_frontpage_story_4376081.utf8	54	7.801413	shuvam
207	Q0	1090519_sports_story_10986808.utf8	55	7.798001	shuvam
207	Q0	1080727_sports_story_9607502.utf8	56	7.786572	shuvam
207	Q0	1090726_sports_story_11283687.utf8	57	7.773638	shuvam
207	Q0	1070724_sports_story_8098170.utf8	58	7.757257	shuvam
207	Q0	1080617_sports_story_9422449.utf8	59	7.750756	shuvam
207	Q0	1051030_opinion_story_5415078.utf8	60	7.741967	shuvam
207	Q0	1090122_sports_story_10424871.utf8	61	7.733192	shuvam
207	Q0	1081231_frontpage_story_10324362.utf8	62	7.712406	shuvam
207	Q0	1070728_sports_story_8117354.utf8	63	7.712406	shuvam
207	Q0	1050905_nation_story_5198964.utf8	64	7.700015	shuvam
207	Q0	1060216_sports_story_5853655.utf8	65	7.700015	shuvam
207	Q0	1070726_sports_story_8107778.utf8	66	7.676586	shuvam
207	Q0	1090628_sports_story_11168340.utf8	67	7.672071	shuvam
207	Q0	1101012_sports_story_13047832.utf8	68	7.670709	shuvam
207	Q0	1070624_sports_story_7966171.utf8	69	7.645035	shuvam
207	Q0	1050412_sports_story_4604472.utf8	70	7.636968	shuvam
207	Q0	1061122_sports_story_7034213.utf8	71	7.635392	shuvam
207	Q0	1061211_sports_story_7124451.utf8	72	7.629792	shuvam
207	Q0	1100427_sports_story_12382845.utf8	73	7.624290	shuvam
207	Q0	1080625_sports_story_9460246.utf8	74	7.622246	shuvam
207	Q0	1070905_sports_story_8277216.utf8	75	7.607434	shuvam
207	Q0	1050724_sports_story_5027769.utf8	76	7.599920	shuvam
207	Q0	1101020_sports_story_13075879.utf8	77	7.592040	shuvam
207	Q0	1100207_sports_story_12075548.utf8	78	7.584711	shuvam
207	Q0	1050213_sports_story_4372920.utf8	79	7.567772	shuvam
207	Q0	1050423_sports_story_4650438.utf8	80	7.564672	shuvam
207	Q0	1090103_sports_story_10337055.utf8	81	7.563461	shuvam
207	Q0	1070112_sports_story_7252035.utf8	82	7.542275	shuvam
207	Q0	1070718_sports_story_8073613.utf8	83	7.532590	shuvam
207	Q0	1090212_sports_story_10521877.utf8	84	7.530058	shuvam
207	Q0	1060925_sports_story_6790030.utf8	85	7.516333	shuvam
207	Q0	1050712_sports_story_4979340.utf8	86	7.509501	shuvam
207	Q0	1090218_sports_story_10552918.utf8	87	7.508115	shuvam
207	Q0	1060915_opinion_story_6731708.utf8	88	7.500408	shuvam
207	Q0	1050122_opinion_story_4283337.utf8	89	7.495661	shuvam
207	Q0	en.3.356.329.2010.4.4	90	7.493714	shuvam
207	Q0	1070503_calcutta_story_7724602.utf8	91	7.483050	shuvam
207	Q0	1050910_opinion_story_5213531.utf8	92	7.457217	shuvam
207	Q0	1070113_nation_story_7256374.utf8	93	7.455859	shuvam
207	Q0	1090506_sports_story_10922058.utf8	94	7.451101	shuvam
207	Q0	1091015_sports_story_11614937.utf8	95	7.451101	shuvam
207	Q0	1061120_sports_story_7025384.utf8	96	7.451101	shuvam
207	Q0	1100217_sports_story_12113679.utf8	97	7.450580	shuvam
207	Q0	1080605_frontpage_story_9367095.utf8	98	7.432258	shuvam
207	Q0	1050416_calcutta_story_4622947.utf8	99	7.431973	shuvam
207	Q0	1080723_sports_story_9588500.utf8	100	7.416719	shuvam
208	Q0	1080909_sports_story_9808275.utf8	1	11.718742	shuvam
208	Q0	1080805_sports_story_9648277.utf8	2	11.231197	shuvam
208	Q0	1091002_sports_story_11565683.utf8	3	11.173018	shuvam
208	Q0	1080911_sports_story_9818136.utf8	4	11.151097	shuvam
208	Q0	1090916_sports_story_11499823.utf8	5	10.897156	shuvam
208	Q0	1060908_sports_story_6716874.utf8	6	10.493467	shuvam
208	Q0	1080807_sports_story_9658507.utf8	7	10.478794	shuvam
208	Q0	1070513_opinion_story_7749927.utf8	8	10.222749	shuvam
208	Q0	1101007_sports_story_13028793.utf8	9	10.145903	shuvam
208	Q0	en.15.84.227.2008.9.11	10	10.103155	shuvam
208	Q0	en.15.83.192.2008.9.8	11	10.086512	shuvam
208	Q0	1060220_sports_story_5870135.utf8	12	9.783756	shuvam
208	Q0	1080628_sports_story_9475552.utf8	13	9.763424	shuvam
208	Q0	1100829_sports_story_12869204.utf8	14	9.730240	shuvam
208	Q0	1090130_frontpage_story_10460272.utf8	15	9.665537	shuvam
208	Q0	1080706_sports_story_9510800.utf8	16	9.614958	shuvam
208	Q0	en.15.83.25.2008.9.8	17	9.512604	shuvam
208	Q0	1090903_sports_story_11444998.utf8	18	9.499634	shuvam
208	Q0	1070925_sports_story_8358320.utf8	19	9.443131	shuvam
208	Q0	1070317_sports_story_7529071.utf8	20	9.241774	shuvam
208	Q0	en.2.258.36.2009.4.17	21	9.196242	shuvam
208	Q0	1071107_sports_index.utf8	22	9.191966	shuvam
208	Q0	1080825_sports_story_9739709.utf8	23	9.190599	shuvam
208	Q0	1080911_sports_story_9817946.utf8	24	9.181788	shuvam
208	Q0	1080912_sports_story_9821732.utf8	25	9.135193	shuvam
208	Q0	1080414_sports_story_9135580.utf8	26	9.075157	shuvam
208	Q0	1060214_frontpage_story_5844154.utf8	27	9.042404	shuvam
208	Q0	en.2.281.418.2009.9.15	28	9.037659	shuvam
208	Q0	1070919_sports_story_8334180.utf8	29	9.017643	shuvam
208	Q0	1071120_sports_story_8569544.utf8	30	9.003798	shuvam
208	Q0	1091208_opinion_story_11832561.utf8	31	8.992426	shuvam
208	Q0	en.3.326.311.2009.9.2	32	8.975128	shuvam
208	Q0	1060228_sports_story_5906016.utf8	33	8.959600	shuvam
208	Q0	1080625_sports_story_9460218.utf8	34	8.942363	shuvam
208	Q0	1080629_sports_story_9479557.utf8	35	8.933229	shuvam
208	Q0	1070929_sports_index.utf8	36	8.889567	shuvam
208	Q0	en.3.326.151.2009.9.2	37	8.850433	shuvam
208	Q0	1070405_calcutta_story_7606161.utf8	38	8.749750	shuvam
208	Q0	1090130_frontpage_story_10460457.utf8	39	8.729183	shuvam
208	Q0	1100419_sports_index.utf8	40	8.722775	shuvam
208	Q0	1070403_sports_story_7600252.utf8	41	8.620989	shuvam
208	Q0	en.2.260.466.2009.4.30	42	8.565068	shuvam
208	Q0	1071006_sports_story_8402985.utf8	43	8.548657	shuvam
208	Q0	1080306_frontpage_story_8986748.utf8	44	8.515865	shuvam
208	Q0	1050718_sports_story_5003360.utf8	45	8.483179	shuvam
208	Q0	1070913_sports_story_8311101.utf8	46	8.467557	shuvam
208	Q0	1100829_sports_index.utf8	47	8.456678	shuvam
208	Q0	1091227_sports_index.utf8	48	8.447899	shuvam
208	Q0	1100204_sports_story_12063466.utf8	49	8.438254	shuvam
208	Q0	1070919_sports_index.utf8	50	8.412680	shuvam
208	Q0	1070807_sports_story_8159935.utf8	51	8.410311	shuvam
208	Q0	1100613_sports_story_12560270.utf8	52	8.408868	shuvam
208	Q0	1080606_sports_story_9372841.utf8	53	8.408122	shuvam
208	Q0	1050613_sports_story_4861005.utf8	54	8.387943	shuvam
208	Q0	1100616_sports_story_12570801.utf8	55	8.385499	shuvam
208	Q0	1070919_sports_story_8333997.utf8	56	8.289330	shuvam
208	Q0	1091002_sports_index.utf8	57	8.269361	shuvam
208	Q0	1071021_sports_story_8458361.utf8	58	8.255366	shuvam
208	Q0	1090920_sports_story_11517647.utf8	59	8.249841	shuvam
208	Q0	1080415_sports_story_9139894.utf8	60	8.241548	shuvam
208	Q0	1070929_sports_story_8375399.utf8	61	8.224680	shuvam
208	Q0	1070925_sports_story_8357811.utf8	62	8.207673	shuvam
208	Q0	1060126_sports_story_5768467.utf8	63	8.207472	shuvam
208	Q0	1091025_sports_story_11655940.utf8	64	8.206349	shuvam
208	Q0	1070927_sports_story_8366317.utf8	65	8.203324	shuvam
208	Q0	1060101_sports_story_5668142.utf8	66	8.178938	shuvam
208	Q0	en.15.70.41.2008.6.8	67	8.164802	shuvam
208	Q0	1050406_sports_index.utf8	68	8.161888	shuvam
208	Q0	1090205_sports_story_10488512.utf8	69	8.154820	shuvam
208	Q0	1070708_sports_story_8030984.utf8	70	8.149057	shuvam
208	Q0	1071111_sports_story_8535292.utf8	71	8.145149	shuvam
208	Q0	1051124_sports_story_5515844.utf8	72	8.144208	shuvam
208	Q0	1101027_sports_story_13105589.utf8	73	8.143242	shuvam
208	Q0	en.3.384.344.2007.8.7	74	8.138605	shuvam
208	Q0	1060412_sports_story_6088845.utf8	75	8.111106	shuvam
208	Q0	1080423_sports_story_9175743.utf8	76	8.108954	shuvam
208	Q0	1080316_sports_story_9025771.utf8	77	8.105678	shuvam
208	Q0	en.15.209.408.2007.9.18	78	8.104964	shuvam
208	Q0	1080912_sports_story_9822466.utf8	79	8.100469	shuvam
208	Q0	1100712_calcutta_story_12671788.utf8	80	8.097994	shuvam
208	Q0	1090927_sports_story_11547311.utf8	81	8.086213	shuvam
208	Q0	1070725_sports_index.utf8	82	8.073963	shuvam
208	Q0	1071106_frontpage_story_8517047.utf8	83	8.068684	shuvam
208	Q0	1080820_sports_story_9717268.utf8	84	8.067939	shuvam
208	Q0	en.15.147.73.2009.10.2	85	8.058393	shuvam
208	Q0	1080630_sports_story_9482717.utf8	86	8.057404	shuvam
208	Q0	en.3.326.414.2009.9.6	87	8.054737	shuvam
208	Q0	1060629_sports_story_6414411.utf8	88	8.050194	shuvam
208	Q0	1080908_sports_story_9802367.utf8	89	8.049976	shuvam
208	Q0	1060421_sports_story_6126164.utf8	90	8.039652	shuvam
208	Q0	1041204_sports_story_4085182.utf8	91	8.028307	shuvam
208	Q0	1090126_frontpage_story_10442355.utf8	92	8.023937	shuvam
208	Q0	1061017_calcutta_story_6880325.utf8	93	8.020311	shuvam
208	Q0	1090705_sports_story_11196686.utf8	94	8.019850	shuvam
208	Q0	1090707_sports_story_11203985.utf8	95	8.016655	shuvam
208	Q0	1060920_sports_story_6768989.utf8	96	8.012511	shuvam
208	Q0	1100224_sports_story_12144725.utf8	97	8.005470	shuvam
208	Q0	1080321_sports_story_9043325.utf8	98	7.991177	shuvam
208	Q0	1090628_sports_story_11169106.utf8	99	7.980680	shuvam
208	Q0	1060731_sports_story_6548483.utf8	100	7.980680	shuvam
209	Q0	1100811_frontpage_story_12797753.utf8	1	10.823355	shuvam
209	Q0	1100525_frontpage_story_12485238.utf8	2	9.938979	shuvam
209	Q0	1050223_opinion_story_4410887.utf8	3	9.841367	shuvam
209	Q0	1080721_opinion_story_9572978.utf8	4	9.595174	shuvam
209	Q0	1070621_nation_story_7952386.utf8	5	9.487964	shuvam
209	Q0	1080709_nation_story_9524273.utf8	6	9.431196	shuvam
209	Q0	1080603_nation_story_9357345.utf8	7	9.422197	shuvam
209	Q0	1090708_nation_story_11209989.utf8	8	9.405802	shuvam
209	Q0	1040811_opinion_story_3603176.utf8	9	9.394281	shuvam
209	Q0	1090615_bengal_story_11112415.utf8	10	9.373492	shuvam
209	Q0	1090613_frontpage_story_11105142.utf8	11	9.222544	shuvam
209	Q0	1090519_bengal_story_10988782.utf8	12	9.189315	shuvam
209	Q0	1050102_bengal_story_4202513.utf8	13	8.979446	shuvam
209	Q0	1080708_nation_story_9519265.utf8	14	8.935800	shuvam
209	Q0	1080708_nation_story_9519783.utf8	15	8.935800	shuvam
209	Q0	1070222_nation_story_7425093.utf8	16	8.928316	shuvam
209	Q0	1080625_nation_story_9459830.utf8	17	8.907677	shuvam
209	Q0	1090612_frontpage_story_11099697.utf8	18	8.898507	shuvam
209	Q0	1070930_nation_story_8378348.utf8	19	8.839320	shuvam
209	Q0	1091003_bengal_story_11569745.utf8	20	8.827213	shuvam
209	Q0	1080709_frontpage_story_9525155.utf8	21	8.811120	shuvam
209	Q0	1070424_nation_story_7689070.utf8	22	8.776612	shuvam
209	Q0	1090623_nation_story_11146802.utf8	23	8.757002	shuvam
209	Q0	1100714_frontpage_story_12681777.utf8	24	8.749221	shuvam
209	Q0	1070927_opinion_story_8359845.utf8	25	8.728210	shuvam
209	Q0	1080704_nation_story_9502295.utf8	26	8.686812	shuvam
209	Q0	1070615_nation_story_7925836.utf8	27	8.686243	shuvam
209	Q0	1060211_nation_story_5832763.utf8	28	8.631722	shuvam
209	Q0	1060823_nation_story_6646110.utf8	29	8.593948	shuvam
209	Q0	1080807_nation_story_9656907.utf8	30	8.588370	shuvam
209	Q0	1090520_nation_story_10990902.utf8	31	8.568187	shuvam
209	Q0	1090622_nation_story_11142325.utf8	32	8.560077	shuvam
209	Q0	1070421_nation_story_7676720.utf8	33	8.549384	shuvam
209	Q0	1080625_frontpage_story_9460583.utf8	34	8.548728	shuvam
209	Q0	1100724_frontpage_story_12720942.utf8	35	8.534519	shuvam
209	Q0	1070930_frontpage_story_8378692.utf8	36	8.527963	shuvam
209	Q0	1090526_opinion_story_11017930.utf8	37	8.515830	shuvam
209	Q0	1080605_nation_story_9367833.utf8	38	8.511742	shuvam
209	Q0	1050317_opinion_story_4485402.utf8	39	8.504569	shuvam
209	Q0	1090415_frontpage_story_10824576.utf8	40	8.487801	shuvam
209	Q0	1080710_opinion_story_9525833.utf8	41	8.458507	shuvam
209	Q0	1090525_frontpage_story_11017039.utf8	42	8.433893	shuvam
209	Q0	1080624_opinion_story_9451865.utf8	43	8.421191	shuvam
209	Q0	1080721_frontpage_story_9579083.utf8	44	8.355659	shuvam
209	Q0	1071031_frontpage_story_8494538.utf8	45	8.354526	shuvam
209	Q0	1090518_frontpage_story_10984021.utf8	46	8.325135	shuvam
209	Q0	1070619_frontpage_story_7942967.utf8	47	8.322125	shuvam
209	Q0	1080625_nation_story_9457876.utf8	48	8.321286	shuvam
209	Q0	1080108_nation_story_8755722.utf8	49	8.319939	shuvam
209	Q0	1080511_nation_story_9255019.utf8	50	8.316206	shuvam
209	Q0	1050210_frontpage_story_4360474.utf8	51	8.292482	shuvam
209	Q0	1100526_frontpage_story_12488947.utf8	52	8.281946	shuvam
209	Q0	1080706_nation_story_9510951.utf8	53	8.261947	shuvam
209	Q0	1091102_frontpage_story_11688636.utf8	54	8.261185	shuvam
209	Q0	1070822_opinion_story_8214710.utf8	55	8.251646	shuvam
209	Q0	1090309_frontpage_story_10646737.utf8	56	8.246370	shuvam
209	Q0	1070820_nation_story_8213162.utf8	57	8.235480	shuvam
209	Q0	1090909_frontpage_story_11470421.utf8	58	8.220928	shuvam
209	Q0	1071031_frontpage_story_8494572.utf8	59	8.213789	shuvam
209	Q0	1070920_nation_story_8339111.utf8	60	8.178752	shuvam
209	Q0	1050204_opinion_story_4332757.utf8	61	8.171113	shuvam
209	Q0	1080712_frontpage_story_9539917.utf8	62	8.163058	shuvam
209	Q0	1071006_frontpage_story_8402976.utf8	63	8.149728	shuvam
209	Q0	1090513_bengal_story_10957222.utf8	64	8.136906	shuvam
209	Q0	1070819_frontpage_story_8210174.utf8	65	8.107301	shuvam
209	Q0	1080308_nation_story_8995371.utf8	66	8.106809	shuvam
209	Q0	1050525_opinion_story_4775730.utf8	67	8.076943	shuvam
209	Q0	1080704_bengal_story_9502805.utf8	68	8.063648	shuvam
209	Q0	en.15.75.455.2008.7.9	69	8.051554	shuvam
209	Q0	1080713_frontpage_story_9543431.utf8	70	8.047292	shuvam
209	Q0	1071217_bengal_story_8677705.utf8	71	8.025174	shuvam
209	Q0	1100302_frontpage_story_12165406.utf8	72	8.025093	shuvam
209	Q0	1060906_frontpage_story_6706630.utf8	73	7.965044	shuvam
209	Q0	1080211_nation_story_8887829.utf8	74	7.964001	shuvam
209	Q0	1070902_frontpage_story_8263946.utf8	75	7.949789	shuvam
209	Q0	1100820_opinion_story_12816866.utf8	76	7.949223	shuvam
209	Q0	1070711_bengal_story_8044073.utf8	77	7.919930	shuvam
209	Q0	1071218_nation_story_8679850.utf8	78	7.879313	shuvam
209	Q0	1070608_nation_story_7894350.utf8	79	7.870971	shuvam
209	Q0	1080531_nation_story_9345580.utf8	80	7.850025	shuvam
209	Q0	1080701_frontpage_story_9487613.utf8	81	7.839964	shuvam
209	Q0	1050423_nation_story_4650928.utf8	82	7.838186	shuvam
209	Q0	1090522_frontpage_story_11003932.utf8	83	7.829566	shuvam
209	Q0	1100618_opinion_story_12567734.utf8	84	7.822976	shuvam
209	Q0	1080326_frontpage_story_9057798.utf8	85	7.805127	shuvam
209	Q0	1100706_frontpage_story_12650980.utf8	86	7.784739	shuvam
209	Q0	1080806_bengal_story_9653425.utf8	87	7.784560	shuvam
209	Q0	1060906_frontpage_story_6705651.utf8	88	7.756576	shuvam
209	Q0	1060722_nation_story_6509745.utf8	89	7.739469	shuvam
209	Q0	1070617_nation_story_7934982.utf8	90	7.738784	shuvam
209	Q0	1080712_opinion_story_9536509.utf8	91	7.693313	shuvam
209	Q0	1100810_nation_story_12793404.utf8	92	7.689565	shuvam
209	Q0	1050404_nation_story_4571326.utf8	93	7.636699	shuvam
209	Q0	1060215_opinion_story_5846256.utf8	94	7.632843	shuvam
209	Q0	1080702_bengal_story_9493020.utf8	95	7.618370	shuvam
209	Q0	1080813_frontpage_story_9686450.utf8	96	7.616685	shuvam
209	Q0	1070614_frontpage_story_7921263.utf8	97	7.609947	shuvam
209	Q0	1101224_opinion_story_13335575.utf8	98	7.589025	shuvam
209	Q0	1070808_frontpage_story_8165595.utf8	99	7.587605	shuvam
209	Q0	1090311_nation_story_10655953.utf8	100	7.585079	shuvam
210	Q0	1100615_frontpage_story_125668780.utf8	1	11.054122	shuvam
210	Q0	1021125_opinion_story_1403740.utf8	2	10.329092	shuvam
210	Q0	1100725_bengal_story_12723885.utf8	3	9.946957	shuvam
210	Q0	1061020_nation_story_6894238.utf8	4	9.685689	shuvam
210	Q0	1070302_nation_story_7460048.utf8	5	9.651593	shuvam
210	Q0	1030605_nation_story_2037561.utf8	6	9.264166	shuvam
210	Q0	1100925_frontpage_story_12980314.utf8	7	9.211880	shuvam
210	Q0	1030804_opinion_story_2216586.utf8	8	9.177834	shuvam
210	Q0	1040221_nation_story_2920942.utf8	9	9.077340	shuvam
210	Q0	1021227_frontpage_story_1519148.utf8	10	9.073500	shuvam
210	Q0	1020910_nation_story_1184839.utf8	11	8.975719	shuvam
210	Q0	1090314_frontpage_story_10668473.utf8	12	8.918945	shuvam
210	Q0	1021010_nation_story_1279541.utf8	13	8.916277	shuvam
210	Q0	1021118_nation_story_1395416.utf8	14	8.892209	shuvam
210	Q0	1021118_nation_story_1396044.utf8	15	8.869061	shuvam
210	Q0	en.15.108.25.2009.2.6	16	8.868909	shuvam
210	Q0	1060223_nation_story_5883800.utf8	17	8.810852	shuvam
210	Q0	1030408_nation_story_1852013.utf8	18	8.762518	shuvam
210	Q0	1030726_frontpage_story_2202520.utf8	19	8.736935	shuvam
210	Q0	1050330_nation_story_4551476.utf8	20	8.716970	shuvam
210	Q0	1021109_nation_story_1368326.utf8	21	8.604970	shuvam
210	Q0	1021115_nation_story_1386937.utf8	22	8.500197	shuvam
210	Q0	1030803_nation_story_2228332.utf8	23	8.464132	shuvam
210	Q0	1030802_frontpage_story_2225700.utf8	24	8.434298	shuvam
210	Q0	1030412_opinion_story_1864055.utf8	25	8.392968	shuvam
210	Q0	1030716_nation_story_2168633.utf8	26	8.295550	shuvam
210	Q0	1060322_nation_story_5998113.utf8	27	8.291990	shuvam
210	Q0	1030917_nation_story_2373846.utf8	28	8.254698	shuvam
210	Q0	1030903_nation_story_2327205.utf8	29	8.054627	shuvam
210	Q0	1061230_opinion_story_7186043.utf8	30	7.961202	shuvam
210	Q0	1080201_frontpage_story_8850648.utf8	31	7.946634	shuvam
210	Q0	1030910_opinion_story_2339672.utf8	32	7.922446	shuvam
210	Q0	1060427_nation_story_6150806.utf8	33	7.830875	shuvam
210	Q0	1090709_nation_story_11214710.utf8	34	7.810813	shuvam
210	Q0	1030803_opinion_story_2226671.utf8	35	7.763233	shuvam
210	Q0	1100420_nation_story_12358587.utf8	36	7.722986	shuvam
210	Q0	1060118_nation_story_5735288.utf8	37	7.717922	shuvam
210	Q0	1081216_nation_story_10257824.utf8	38	7.633945	shuvam
210	Q0	1030802_nation_story_2225417.utf8	39	7.592088	shuvam
210	Q0	1021127_nation_story_1424689.utf8	40	7.591433	shuvam
210	Q0	1030725_nation_story_2198400.utf8	41	7.564823	shuvam
210	Q0	1021220_bengal_story_1499211.utf8	42	7.459209	shuvam
210	Q0	1040605_nation_story_3334463.utf8	43	7.452047	shuvam
210	Q0	1080104_calcutta_story_8735124.utf8	44	7.445279	shuvam
210	Q0	1020924_nation_story_1229176.utf8	45	7.440558	shuvam
210	Q0	1080204_bengal_story_8860696.utf8	46	7.380398	shuvam
210	Q0	1041110_nation_story_3987283.utf8	47	7.378353	shuvam
210	Q0	1060929_nation_story_6808306.utf8	48	7.328420	shuvam
210	Q0	1030726_frontpage_index.utf8	49	7.283982	shuvam
210	Q0	1090826_nation_story_11409308.utf8	50	7.248372	shuvam
210	Q0	1021106_frontpage_story_1359112.utf8	51	7.080036	shuvam
210	Q0	1090122_nation_story_10424191.utf8	52	7.008905	shuvam
210	Q0	1030906_opinion_story_2332593.utf8	53	7.000455	shuvam
210	Q0	1080308_nation_story_8995342.utf8	54	6.895102	shuvam
210	Q0	1100302_frontpage_story_12165515.utf8	55	6.882641	shuvam
210	Q0	1041103_nation_story_3957891.utf8	56	6.833271	shuvam
210	Q0	1021003_nation_story_1257925.utf8	57	6.795911	shuvam
210	Q0	1060822_nation_story_6639885.utf8	58	6.785459	shuvam
210	Q0	1021118_nation_index.utf8	59	6.712589	shuvam
210	Q0	1021024_nation_story_1319527.utf8	60	6.683854	shuvam
210	Q0	1040522_nation_story_3278349.utf8	61	6.669498	shuvam
210	Q0	en.15.241.478.2008.2.12	62	6.603472	shuvam
210	Q0	1060408_nation_story_6073089.utf8	63	6.592143	shuvam
210	Q0	1060609_nation_story_6330207.utf8	64	6.539468	shuvam
210	Q0	1080501_nation_story_9213646.utf8	65	6.479542	shuvam
210	Q0	1030807_opinion_story_2238891.utf8	66	6.461678	shuvam
210	Q0	1061109_nation_story_6978606.utf8	67	6.429001	shuvam
210	Q0	1021110_opinion_story_1366385.utf8	68	6.385648	shuvam
210	Q0	en.2.279.232.2009.8.28	69	6.376764	shuvam
210	Q0	1101012_nation_story_13047837.utf8	70	6.359903	shuvam
210	Q0	1100619_nation_story_12582790.utf8	71	6.329434	shuvam
210	Q0	1101125_bengal_story_13219300.utf8	72	6.307792	shuvam
210	Q0	1060510_sports_story_6204829.utf8	73	6.271586	shuvam
210	Q0	1090911_nation_story_11480235.utf8	74	6.170636	shuvam
210	Q0	1060502_frontpage_story_6171245.utf8	75	6.149875	shuvam
210	Q0	1020923_calcutta_story_1223974.utf8	76	6.119040	shuvam
210	Q0	1100725_bengal_index.utf8	77	6.091181	shuvam
210	Q0	1030904_frontpage_story_2331657.utf8	78	6.089986	shuvam
210	Q0	1051027_nation_story_5404373.utf8	79	6.037506	shuvam
210	Q0	1050105_nation_story_4212047.utf8	80	6.022674	shuvam
210	Q0	en.15.72.77.2008.6.22	81	5.995126	shuvam
210	Q0	1080204_bengal_index.utf8	82	5.982589	shuvam
210	Q0	1040403_frontpage_story_3082047.utf8	83	5.981688	shuvam
210	Q0	1030531_nation_story_2022991.utf8	84	5.913329	shuvam
210	Q0	1050511_opinion_story_4721233.utf8	85	5.899311	shuvam
210	Q0	1040208_nation_story_2873614.utf8	86	5.838202	shuvam
210	Q0	1030801_nation_story_2221578.utf8	87	5.800958	shuvam
210	Q0	1030728_opinion_story_2200120.utf8	88	5.763434	shuvam
210	Q0	1090602_frontpage_story_11051342.utf8	89	5.726232	shuvam
210	Q0	1030509_nation_story_1952394.utf8	90	5.718310	shuvam
210	Q0	1020910_nation_index.utf8	91	5.715302	shuvam
210	Q0	1080902_nation_story_9776768.utf8	92	5.700645	shuvam
210	Q0	1021227_frontpage_index.utf8	93	5.686904	shuvam
210	Q0	1050219_sports_story_4398490.utf8	94	5.673962	shuvam
210	Q0	en.15.186.163.2007.5.28	95	5.659059	shuvam
210	Q0	1041215_calcutta_story_4128179.utf8	96	5.653553	shuvam
210	Q0	en.15.186.62.2007.5.29	97	5.619420	shuvam
210	Q0	1060117_nation_story_5729945.utf8	98	5.510206	shuvam
210	Q0	1050923_opinion_story_5268483.utf8	99	5.433124	shuvam
210	Q0	1021117_nation_story_1393069.utf8	100	5.431172	shuvam
211	Q0	1071003_nation_story_8390052.utf8	1	6.357061	shuvam
211	Q0	1021214_opinion_story_1477375.utf8	2	6.110881	shuvam
211	Q0	1081006_frontpage_story_9933078.utf8	3	5.953164	shuvam
211	Q0	1091001_opinion_story_11560357.utf8	4	5.690666	shuvam
211	Q0	1061008_opinion_story_6835740.utf8	5	5.609406	shuvam
211	Q0	1071017_opinion_story_8440933.utf8	6	5.516884	shuvam
211	Q0	en.3.347.310.2010.2.3	7	5.504454	shuvam
211	Q0	1070131_nation_story_7327576.utf8	8	5.485653	shuvam
211	Q0	1061127_calcutta_story_7050394.utf8	9	5.375827	shuvam
211	Q0	1090329_frontpage_story_10740807.utf8	10	5.318046	shuvam
211	Q0	en.15.92.368.2008.10.28	11	5.292274	shuvam
211	Q0	1031216_opinion_story_2682140.utf8	12	5.209347	shuvam
211	Q0	en.15.147.402.2009.10.3	13	5.158284	shuvam
211	Q0	1021123_frontpage_story_1412695.utf8	14	5.143765	shuvam
211	Q0	1080122_nation_story_8810462.utf8	15	5.132000	shuvam
211	Q0	1030815_opinion_story_2264724.utf8	16	5.025760	shuvam
211	Q0	1071009_opinion_story_8391147.utf8	17	4.964468	shuvam
211	Q0	1050315_calcutta_story_4492664.utf8	18	4.937113	shuvam
211	Q0	en.15.60.77.2008.4.11	19	4.818850	shuvam
211	Q0	1060130_frontpage_story_5780871.utf8	20	4.759554	shuvam
211	Q0	1040324_nation_story_3040748.utf8	21	4.715717	shuvam
211	Q0	1040314_opinion_story_3000381.utf8	22	4.700239	shuvam
211	Q0	1030131_opinion_story_1618945.utf8	23	4.650238	shuvam
211	Q0	1030913_opinion_story_2359690.utf8	24	4.642995	shuvam
211	Q0	1040814_nation_story_3624521.utf8	25	4.637460	shuvam
211	Q0	en.15.248.310.2008.3.7	26	4.611941	shuvam
211	Q0	1090402_opinion_story_10758331.utf8	27	4.611203	shuvam
211	Q0	1031123_nation_story_2603081.utf8	28	4.588001	shuvam
211	Q0	1021124_foreign_story_1415375.utf8	29	4.581555	shuvam
211	Q0	1091211_frontpage_story_11850761.utf8	30	4.575781	shuvam
211	Q0	1021231_opinion_story_1520018.utf8	31	4.575708	shuvam
211	Q0	1061123_opinion_story_7037181.utf8	32	4.524852	shuvam
211	Q0	1060925_nation_story_6789614.utf8	33	4.523538	shuvam
211	Q0	en.3.395.422.2007.10.2	34	4.509834	shuvam
211	Q0	1070130_nation_story_7324472.utf8	35	4.509834	shuvam
211	Q0	en.15.249.490.2008.3.10	36	4.497169	shuvam
211	Q0	1090220_nation_story_10560595.utf8	37	4.496130	shuvam
211	Q0	en.3.383.416.2007.8.1	38	4.495073	shuvam
211	Q0	1080102_bengal_story_8734351.utf8	39	4.480108	shuvam
211	Q0	1060828_calcutta_story_6664892.utf8	40	4.479560	shuvam
211	Q0	1100210_nation_story_12086226.utf8	41	4.476953	shuvam
211	Q0	1100601_frontpage_story_12509582.utf8	42	4.459767	shuvam
211	Q0	1040602_opinion_story_3308407.utf8	43	4.453050	shuvam
211	Q0	1080903_calcutta_story_9778380.utf8	44	4.448320	shuvam
211	Q0	1080103_frontpage_story_8737006.utf8	45	4.393585	shuvam
211	Q0	en.15.136.493.2009.7.24	46	4.390392	shuvam
211	Q0	en.15.252.139.2008.3.21	47	4.384115	shuvam
211	Q0	1100112_nation_story_11972503.utf8	48	4.373364	shuvam
211	Q0	en.15.252.168.2008.3.23	49	4.364078	shuvam
211	Q0	en.3.401.155.2007.10.29	50	4.359653	shuvam
211	Q0	1100807_opinion_story_12779463.utf8	51	4.355318	shuvam
211	Q0	1020926_opinion_story_1234056.utf8	52	4.354633	shuvam
211	Q0	1071101_opinion_story_8496949.utf8	53	4.348529	shuvam
211	Q0	en.15.250.102.2008.3.16	54	4.345245	shuvam
211	Q0	1050307_opinion_story_4406476.utf8	55	4.339527	shuvam
211	Q0	1021115_opinion_story_1382074.utf8	56	4.337308	shuvam
211	Q0	1030212_nation_story_1662824.utf8	57	4.337124	shuvam
211	Q0	en.15.67.276.2008.5.20	58	4.330473	shuvam
211	Q0	1070130_opinion_story_7321215.utf8	59	4.324099	shuvam
211	Q0	1101130_nation_story_13238573.utf8	60	4.322512	shuvam
211	Q0	1040925_opinion_story_3799086.utf8	61	4.320688	shuvam
211	Q0	1021206_nation_story_1453408.utf8	62	4.319260	shuvam
211	Q0	en.15.210.316.2007.10.1	63	4.315042	shuvam
211	Q0	1080103_nation_story_8737921.utf8	64	4.305098	shuvam
211	Q0	1040506_foreign_story_3212674.utf8	65	4.293415	shuvam
211	Q0	1091201_frontpage_index.utf8	66	4.282901	shuvam
211	Q0	1030419_opinion_story_1886240.utf8	67	4.266887	shuvam
211	Q0	1081008_frontpage_story_9941759.utf8	68	4.261436	shuvam
211	Q0	1071126_calcutta_story_8590905.utf8	69	4.259168	shuvam
211	Q0	1101127_frontpage_story_13228124.utf8	70	4.234900	shuvam
211	Q0	1060109_opinion_story_5694442.utf8	71	4.233350	shuvam
211	Q0	en.3.347.194.2010.1.31	72	4.216762	shuvam
211	Q0	en.2.298.235.2010.1.30	73	4.207207	shuvam
211	Q0	1090514_calcutta_story_10959355.utf8	74	4.206111	shuvam
211	Q0	1030706_opinion_story_2130553.utf8	75	4.203738	shuvam
211	Q0	1020927_opinion_story_1234533.utf8	76	4.193728	shuvam
211	Q0	1050419_calcutta_story_4628363.utf8	77	4.190461	shuvam
211	Q0	1080327_opinion_story_9045820.utf8	78	4.178082	shuvam
211	Q0	1090910_nation_story_11475035.utf8	79	4.167404	shuvam
211	Q0	1070504_opinion_story_7730081.utf8	80	4.166351	shuvam
211	Q0	1070205_nation_story_7350806.utf8	81	4.165355	shuvam
211	Q0	1061130_opinion_story_7068571.utf8	82	4.156075	shuvam
211	Q0	en.15.190.163.2007.6.14	83	4.142111	shuvam
211	Q0	1080324_frontpage_story_9050575.utf8	84	4.138587	shuvam
211	Q0	1090222_nation_story_10573512.utf8	85	4.137728	shuvam
211	Q0	1060317_nation_story_5976848.utf8	86	4.137187	shuvam
211	Q0	en.3.356.37.2010.3.31	87	4.132882	shuvam
211	Q0	en.3.397.153.2007.10.10	88	4.131038	shuvam
211	Q0	1090618_opinion_story_11124145.utf8	89	4.126685	shuvam
211	Q0	1021125_calcutta_story_1413617.utf8	90	4.123435	shuvam
211	Q0	1071008_opinion_story_8390889.utf8	91	4.118298	shuvam
211	Q0	1070517_opinion_story_7775806.utf8	92	4.113730	shuvam
211	Q0	1030225_opinion_story_1705235.utf8	93	4.109918	shuvam
211	Q0	1060412_sports_story_6088843.utf8	94	4.109125	shuvam
211	Q0	en.15.65.161.2008.5.7	95	4.107880	shuvam
211	Q0	1081011_frontpage_story_9952939.utf8	96	4.107137	shuvam
211	Q0	1050311_opinion_story_4473457.utf8	97	4.093859	shuvam
211	Q0	en.3.407.25.2007.11.28	98	4.089444	shuvam
211	Q0	en.15.203.478.2007.8.18	99	4.087532	shuvam
211	Q0	1040202_opinion_story_2835100.utf8	100	4.083692	shuvam
212	Q0	1041008_nation_story_3856816.utf8	1	12.350642	shuvam
212	Q0	1050524_nation_story_4777797.utf8	2	12.221130	shuvam
212	Q0	1030321_nation_story_1787757.utf8	3	12.041927	shuvam
212	Q0	1030321_nation_story_1789528.utf8	4	12.041927	shuvam
212	Q0	1060505_nation_story_6185272.utf8	5	11.747521	shuvam
212	Q0	1040805_nation_story_3584929.utf8	6	11.648703	shuvam
212	Q0	1041019_frontpage_story_3901177.utf8	7	11.521982	shuvam
212	Q0	1050209_nation_story_4354902.utf8	8	11.135600	shuvam
212	Q0	1040719_nation_story_3513302.utf8	9	10.874011	shuvam
212	Q0	1041014_frontpage_story_3881304.utf8	10	10.799349	shuvam
212	Q0	1040630_opinion_story_3432190.utf8	11	10.451988	shuvam
212	Q0	1050225_nation_story_4422389.utf8	12	9.980338	shuvam
212	Q0	1091224_nation_story_11903589.utf8	13	9.910692	shuvam
212	Q0	1040826_calcutta_story_3672539.utf8	14	9.880280	shuvam
212	Q0	1080729_nation_story_9616091.utf8	15	9.864080	shuvam
212	Q0	1040708_calcutta_story_3465959.utf8	16	9.826398	shuvam
212	Q0	1080618_opinion_story_9426610.utf8	17	9.756505	shuvam
212	Q0	1050706_nation_story_4955714.utf8	18	9.672077	shuvam
212	Q0	1041021_nation_story_3909337.utf8	19	9.659940	shuvam
212	Q0	1080317_nation_story_9028786.utf8	20	9.622460	shuvam
212	Q0	1090514_frontpage_story_10960963.utf8	21	9.594519	shuvam
212	Q0	1060518_nation_story_6238607.utf8	22	9.571938	shuvam
212	Q0	1060119_nation_story_5739241.utf8	23	9.564112	shuvam
212	Q0	1050427_nation_story_4667037.utf8	24	9.560932	shuvam
212	Q0	1100512_opinion_story_12438982.utf8	25	9.557174	shuvam
212	Q0	1050409_nation_story_4593539.utf8	26	9.515757	shuvam
212	Q0	1031231_calcutta_story_2734777.utf8	27	9.511282	shuvam
212	Q0	1030919_frontpage_story_2381182.utf8	28	9.460498	shuvam
212	Q0	1040629_calcutta_story_3429248.utf8	29	9.460376	shuvam
212	Q0	1060117_nation_story_5729945.utf8	30	9.434494	shuvam
212	Q0	1100522_frontpage_story_12476505.utf8	31	9.389595	shuvam
212	Q0	1031217_calcutta_story_2687463.utf8	32	9.385333	shuvam
212	Q0	1030723_opinion_story_2189081.utf8	33	9.355127	shuvam
212	Q0	1060518_nation_story_6238606.utf8	34	9.258876	shuvam
212	Q0	1050824_nation_story_5149300.utf8	35	9.220137	shuvam
212	Q0	1060519_nation_story_6243285.utf8	36	9.213728	shuvam
212	Q0	1050219_opinion_story_4395713.utf8	37	9.187042	shuvam
212	Q0	1071110_nation_story_8532034.utf8	38	9.170115	shuvam
212	Q0	1060112_opinion_story_5708943.utf8	39	9.050354	shuvam
212	Q0	1090513_nation_story_10956815.utf8	40	9.016661	shuvam
212	Q0	1050222_nation_story_4408520.utf8	41	9.015273	shuvam
212	Q0	1060124_nation_story_5757617.utf8	42	9.010414	shuvam
212	Q0	1040224_nation_story_2930644.utf8	43	8.915844	shuvam
212	Q0	1041123_calcutta_story_4039048.utf8	44	8.835529	shuvam
212	Q0	1050423_calcutta_story_4652105.utf8	45	8.783016	shuvam
212	Q0	1030421_nation_story_1893186.utf8	46	8.779549	shuvam
212	Q0	1050511_calcutta_story_4725312.utf8	47	8.774443	shuvam
212	Q0	1050907_nation_story_5207020.utf8	48	8.720811	shuvam
212	Q0	1040917_nation_story_3769147.utf8	49	8.705493	shuvam
212	Q0	1040802_nation_story_3564647.utf8	50	8.647085	shuvam
212	Q0	1080101_nation_story_8731326.utf8	51	8.626129	shuvam
212	Q0	1050423_frontpage_story_4651428.utf8	52	8.600190	shuvam
212	Q0	1041021_nation_story_3909319.utf8	53	8.592009	shuvam
212	Q0	1060111_calcutta_story_5707762.utf8	54	8.585224	shuvam
212	Q0	1070207_nation_story_7361081.utf8	55	8.548542	shuvam
212	Q0	1070927_entertainment_story_8367828.utf8	56	8.443782	shuvam
212	Q0	1050218_frontpage_story_4394087.utf8	57	8.430660	shuvam
212	Q0	1050514_calcutta_story_4737348.utf8	58	8.429783	shuvam
212	Q0	1101220_calcutta_story_13323403.utf8	59	8.416497	shuvam
212	Q0	1041022_nation_story_3913483.utf8	60	8.393972	shuvam
212	Q0	1050607_nation_story_4836750.utf8	61	8.379185	shuvam
212	Q0	1060524_nation_story_6262764.utf8	62	8.361540	shuvam
212	Q0	1100317_frontpage_story_12225421.utf8	63	8.310320	shuvam
212	Q0	1060827_opinion_story_6663938.utf8	64	8.284670	shuvam
212	Q0	1050220_nation_story_4401679.utf8	65	8.252909	shuvam
212	Q0	1100527_nation_story_12492776.utf8	66	8.246885	shuvam
212	Q0	1081113_frontpage_story_10104431.utf8	67	8.243800	shuvam
212	Q0	1031203_opinion_story_2635372.utf8	68	8.241150	shuvam
212	Q0	1060607_nation_story_6319696.utf8	69	8.233423	shuvam
212	Q0	1101221_opinion_story_13324182.utf8	70	8.213774	shuvam
212	Q0	1031013_foreign_story_2455741.utf8	71	8.179193	shuvam
212	Q0	en.15.255.326.2008.4.5	72	8.152339	shuvam
212	Q0	1070203_nation_story_7344077.utf8	73	8.047363	shuvam
212	Q0	1030311_nation_story_1755876.utf8	74	8.027178	shuvam
212	Q0	1060602_nation_story_6301165.utf8	75	7.935846	shuvam
212	Q0	en.13.45.10.2010.3.25	76	7.923148	shuvam
212	Q0	1050309_calcutta_story_4471849.utf8	77	7.912096	shuvam
212	Q0	1030604_nation_story_2034566.utf8	78	7.910292	shuvam
212	Q0	1061118_calcutta_story_7016378.utf8	79	7.828731	shuvam
212	Q0	1090526_nation_story_11018396.utf8	80	7.827091	shuvam
212	Q0	1041220_nation_story_4150681.utf8	81	7.800041	shuvam
212	Q0	1040107_calcutta_story_2757874.utf8	82	7.764167	shuvam
212	Q0	1060622_nation_story_6384965.utf8	83	7.758130	shuvam
212	Q0	1041016_nation_story_3889419.utf8	84	7.679452	shuvam
212	Q0	en.15.108.339.2009.2.3	85	7.672039	shuvam
212	Q0	1031224_calcutta_story_2712427.utf8	86	7.659666	shuvam
212	Q0	1060519_calcutta_story_6241597.utf8	87	7.599025	shuvam
212	Q0	1050722_opinion_story_5017283.utf8	88	7.551238	shuvam
212	Q0	1041211_calcutta_story_4116115.utf8	89	7.429330	shuvam
212	Q0	1031115_opinion_story_2568807.utf8	90	7.398271	shuvam
212	Q0	1040205_nation_story_2862671.utf8	91	7.382312	shuvam
212	Q0	1060517_nation_story_6234125.utf8	92	7.367409	shuvam
212	Q0	1060825_nation_story_6655666.utf8	93	7.367409	shuvam
212	Q0	1030222_nation_story_1697779.utf8	94	7.356036	shuvam
212	Q0	1050617_nation_story_4877832.utf8	95	7.350731	shuvam
212	Q0	1041023_opinion_story_3897921.utf8	96	7.322326	shuvam
212	Q0	1060215_nation_story_5848640.utf8	97	7.291831	shuvam
212	Q0	1060307_calcutta_story_5937025.utf8	98	7.249447	shuvam
212	Q0	1030821_nation_story_2284392.utf8	99	7.247229	shuvam
212	Q0	1050211_foreign_story_4364856.utf8	100	7.218368	shuvam
213	Q0	1101117_calcutta_story_13183979.utf8	1	10.488515	shuvam
213	Q0	1071220_business_story_8690064.utf8	2	10.455770	shuvam
213	Q0	1060107_business_story_5691896.utf8	3	9.776645	shuvam
213	Q0	1100227_calcutta_story_12150882.utf8	4	9.575301	shuvam
213	Q0	1100106_business_story_11949015.utf8	5	9.573296	shuvam
213	Q0	1060118_business_story_5733941.utf8	6	8.990519	shuvam
213	Q0	1040116_frontpage_story_2792888.utf8	7	8.929349	shuvam
213	Q0	1100103_business_story_11936991.utf8	8	8.860732	shuvam
213	Q0	1060117_business_story_5729729.utf8	9	8.568456	shuvam
213	Q0	1060112_business_story_5711056.utf8	10	8.472916	shuvam
213	Q0	1060113_business_story_5715803.utf8	11	8.459872	shuvam
213	Q0	1101117_calcutta_index.utf8	12	8.370183	shuvam
213	Q0	1060106_business_story_5687207.utf8	13	8.291655	shuvam
213	Q0	1071025_business_story_8471227.utf8	14	8.279779	shuvam
213	Q0	1091116_business_story_11745602.utf8	15	8.230155	shuvam
213	Q0	1060511_business_story_6209199.utf8	16	8.210154	shuvam
213	Q0	1060118_business_story_5732126.utf8	17	8.206332	shuvam
213	Q0	1021020_business_story_1307174.utf8	18	8.153292	shuvam
213	Q0	1040121_business_story_2809444.utf8	19	8.110622	shuvam
213	Q0	1040119_business_story_2802169.utf8	20	8.110184	shuvam
213	Q0	1080109_business_story_8759137.utf8	21	8.100450	shuvam
213	Q0	1100111_frontpage_story_11968567.utf8	22	8.089501	shuvam
213	Q0	1080112_business_story_8773366.utf8	23	8.035985	shuvam
213	Q0	1060112_business_story_5710279.utf8	24	8.005600	shuvam
213	Q0	1100129_business_story_12041508.utf8	25	7.996049	shuvam
213	Q0	1060116_business_story_5725983.utf8	26	7.883836	shuvam
213	Q0	1100107_business_story_11953489.utf8	27	7.821434	shuvam
213	Q0	1090222_business_story_10573393.utf8	28	7.774156	shuvam
213	Q0	1080526_business_story_9321361.utf8	29	7.711468	shuvam
213	Q0	1051226_business_story_5645631.utf8	30	7.707559	shuvam
213	Q0	1100106_business_index.utf8	31	7.555292	shuvam
213	Q0	1071202_business_story_8618047.utf8	32	7.514837	shuvam
213	Q0	1100207_business_story_12076581.utf8	33	7.509830	shuvam
213	Q0	1100108_business_story_11958094.utf8	34	7.421144	shuvam
213	Q0	1071129_business_story_8604481.utf8	35	7.406342	shuvam
213	Q0	1060115_business_story_5722920.utf8	36	7.387483	shuvam
213	Q0	1031007_business_story_2435496.utf8	37	7.368543	shuvam
213	Q0	1060112_business_story_5711057.utf8	38	7.338479	shuvam
213	Q0	1060111_business_story_5705948.utf8	39	7.268657	shuvam
213	Q0	1060220_business_story_5870064.utf8	40	7.220723	shuvam
213	Q0	1100105_business_story_11943976.utf8	41	7.206430	shuvam
213	Q0	1091223_business_story_11899267.utf8	42	7.199752	shuvam
213	Q0	1060113_business_story_5715543.utf8	43	7.168709	shuvam
213	Q0	1040114_business_story_2784262.utf8	44	7.161940	shuvam
213	Q0	1080116_business_story_8786986.utf8	45	7.133236	shuvam
213	Q0	1080111_business_story_8769121.utf8	46	7.123477	shuvam
213	Q0	1081116_calcutta_story_10114881.utf8	47	7.112841	shuvam
213	Q0	1080619_frontpage_story_9432994.utf8	48	7.073287	shuvam
213	Q0	1091120_business_story_11763427.utf8	49	7.059400	shuvam
213	Q0	1060529_business_story_6283001.utf8	50	7.028072	shuvam
213	Q0	1040116_business_story_2792620.utf8	51	6.995697	shuvam
213	Q0	en.15.172.84.1970.1.1	52	6.954081	shuvam
213	Q0	1091025_business_story_11655513.utf8	53	6.926214	shuvam
213	Q0	1060118_business_story_5732125.utf8	54	6.922569	shuvam
213	Q0	en.3.361.464.2010.4.30	55	6.904192	shuvam
213	Q0	1080108_business_story_8754828.utf8	56	6.898386	shuvam
213	Q0	1060119_business_story_5739086.utf8	57	6.837638	shuvam
213	Q0	1090324_frontpage_story_10715542.utf8	58	6.837478	shuvam
213	Q0	1080109_business_story_8759826.utf8	59	6.667181	shuvam
213	Q0	1100121_calcutta_story_12008489.utf8	60	6.648933	shuvam
213	Q0	1091230_business_story_11923118.utf8	61	6.602378	shuvam
213	Q0	1080312_calcutta_story_9007573.utf8	62	6.574334	shuvam
213	Q0	1100104_calcutta_story_11935552.utf8	63	6.560455	shuvam
213	Q0	1080111_business_story_8769635.utf8	64	6.534348	shuvam
213	Q0	1090327_business_story_10731728.utf8	65	6.505297	shuvam
213	Q0	1080108_business_story_8756388.utf8	66	6.478684	shuvam
213	Q0	1080115_business_story_8783110.utf8	67	6.449392	shuvam
213	Q0	1060114_business_story_5720256.utf8	68	6.447874	shuvam
213	Q0	en.3.348.347.2010.2.7	69	6.390380	shuvam
213	Q0	1021005_business_story_1264493.utf8	70	6.370792	shuvam
213	Q0	1100715_business_story_12685604.utf8	71	6.370792	shuvam
213	Q0	1100216_business_story_12110898.utf8	72	6.349718	shuvam
213	Q0	en.15.246.362.2008.2.29	73	6.343986	shuvam
213	Q0	1080110_calcutta_story_8763209.utf8	74	6.337554	shuvam
213	Q0	1100830_business_story_12871964.utf8	75	6.334304	shuvam
213	Q0	1040112_business_story_2777124.utf8	76	6.333942	shuvam
213	Q0	1040120_business_story_2805677.utf8	77	6.294171	shuvam
213	Q0	1081115_calcutta_story_10110914.utf8	78	6.292140	shuvam
213	Q0	1040117_nation_story_2795856.utf8	79	6.285302	shuvam
213	Q0	1060115_business_index.utf8	80	6.239407	shuvam
213	Q0	1041102_business_story_3954493.utf8	81	6.145447	shuvam
213	Q0	1051104_calcutta_story_5421660.utf8	82	6.139522	shuvam
213	Q0	1081102_foreign_story_10051001.utf8	83	6.129368	shuvam
213	Q0	1100512_calcutta_story_12436089.utf8	84	6.102757	shuvam
213	Q0	1080115_business_story_8783295.utf8	85	6.093652	shuvam
213	Q0	1021210_business_story_1465663.utf8	86	6.086851	shuvam
213	Q0	1091222_business_story_11894889.utf8	87	6.075953	shuvam
213	Q0	1060113_business_story_5715805.utf8	88	6.060814	shuvam
213	Q0	1080111_frontpage_story_8769711.utf8	89	6.047371	shuvam
213	Q0	1100525_business_story_12484625.utf8	90	6.023561	shuvam
213	Q0	1080113_business_index.utf8	91	6.015996	shuvam
213	Q0	1021020_business_index.utf8	92	6.013613	shuvam
213	Q0	1080114_nation_story_8779460.utf8	93	5.998044	shuvam
213	Q0	1101031_calcutta_story_13119425.utf8	94	5.961639	shuvam
213	Q0	1061228_business_story_7192760.utf8	95	5.951777	shuvam
213	Q0	1080126_calcutta_story_8826639.utf8	96	5.948178	shuvam
213	Q0	1080113_business_story_8776522.utf8	97	5.931511	shuvam
213	Q0	1060114_business_story_5719719.utf8	98	5.919867	shuvam
213	Q0	1100804_frontpage_story_12768733.utf8	99	5.902955	shuvam
213	Q0	1081006_nation_story_9933234.utf8	100	5.886005	shuvam
214	Q0	en.15.64.151.2008.4.28	1	13.304646	shuvam
214	Q0	1091112_sports_story_11731071.utf8	2	13.263353	shuvam
214	Q0	1080426_frontpage_story_9191426.utf8	3	13.159590	shuvam
214	Q0	1080430_sports_story_9209021.utf8	4	13.146858	shuvam
214	Q0	1080428_sports_story_9198094.utf8	5	13.103333	shuvam
214	Q0	1080429_sports_story_9202874.utf8	6	12.874794	shuvam
214	Q0	1080430_opinion_story_9199210.utf8	7	12.857518	shuvam
214	Q0	en.15.64.286.2008.4.26	8	12.701770	shuvam
214	Q0	1080427_sports_story_9194786.utf8	9	12.654346	shuvam
214	Q0	1080508_sports_story_9242062.utf8	10	12.568986	shuvam
214	Q0	en.15.66.248.2008.5.14	11	12.551531	shuvam
214	Q0	1080510_sports_story_9252043.utf8	12	12.425092	shuvam
214	Q0	1080507_sports_story_9236973.utf8	13	12.274627	shuvam
214	Q0	1080427_sports_story_9194649.utf8	14	12.085047	shuvam
214	Q0	1080515_sports_story_9272857.utf8	15	12.058358	shuvam
214	Q0	1080427_frontpage_story_9194950.utf8	16	12.043483	shuvam
214	Q0	1080506_sports_story_9231484.utf8	17	11.980459	shuvam
214	Q0	1080427_sports_story_9194647.utf8	18	11.873899	shuvam
214	Q0	1100408_sports_story_12316054.utf8	19	11.703599	shuvam
214	Q0	1080429_sports_story_9202870.utf8	20	11.658644	shuvam
214	Q0	1080628_sports_story_9475604.utf8	21	11.577558	shuvam
214	Q0	1080429_frontpage_story_9203720.utf8	22	11.546091	shuvam
214	Q0	en.15.64.500.2008.4.30	23	11.515221	shuvam
214	Q0	1080427_frontpage_story_9194894.utf8	24	11.156313	shuvam
214	Q0	1080429_sports_story_9202873.utf8	25	11.012735	shuvam
214	Q0	en.15.64.54.2008.4.29	26	10.882240	shuvam
214	Q0	en.15.72.206.2008.6.18	27	10.861581	shuvam
214	Q0	1080429_sports_story_9202876.utf8	28	10.751719	shuvam
214	Q0	en.2.281.292.2009.9.9	29	10.712033	shuvam
214	Q0	1080501_frontpage_story_9213653.utf8	30	10.706546	shuvam
214	Q0	1080428_frontpage_story_9198436.utf8	31	10.531774	shuvam
214	Q0	1080511_sports_story_9255232.utf8	32	10.485230	shuvam
214	Q0	1080717_sports_story_9560797.utf8	33	10.438524	shuvam
214	Q0	1080507_sports_story_9236936.utf8	34	10.388700	shuvam
214	Q0	1080430_sports_story_9208399.utf8	35	10.357058	shuvam
214	Q0	1080516_sports_story_9278562.utf8	36	10.324463	shuvam
214	Q0	1080706_sports_story_9511091.utf8	37	10.279045	shuvam
214	Q0	1090412_sports_story_10810431.utf8	38	10.251120	shuvam
214	Q0	1080807_sports_story_9658237.utf8	39	10.060427	shuvam
214	Q0	1080427_sports_story_9194650.utf8	40	10.002784	shuvam
214	Q0	en.15.75.189.2008.7.8	41	9.912791	shuvam
214	Q0	1080507_sports_story_9236975.utf8	42	9.889774	shuvam
214	Q0	en.15.79.448.2008.8.7	43	9.829719	shuvam
214	Q0	1090910_sports_story_11472446.utf8	44	9.724536	shuvam
214	Q0	1080718_sports_story_9566196.utf8	45	9.667478	shuvam
214	Q0	1080429_sports_index.utf8	46	9.596100	shuvam
214	Q0	1080427_sports_index.utf8	47	9.584483	shuvam
214	Q0	en.15.64.303.2008.4.28	48	9.541965	shuvam
214	Q0	1081004_sports_story_9926447.utf8	49	9.372489	shuvam
214	Q0	en.15.69.126.2008.5.30	50	9.274227	shuvam
214	Q0	1080501_sports_story_9210933.utf8	51	9.264945	shuvam
214	Q0	en.15.64.393.2008.4.27	52	9.261532	shuvam
214	Q0	1080414_sports_story_9135784.utf8	53	9.200942	shuvam
214	Q0	1060921_sports_story_6774325.utf8	54	9.154558	shuvam
214	Q0	1091127_sports_story_11791075.utf8	55	9.035535	shuvam
214	Q0	en.2.291.154.2009.12.2	56	9.034402	shuvam
214	Q0	1060702_sports_story_6427347.utf8	57	9.024797	shuvam
214	Q0	1091203_sports_story_11815361.utf8	58	8.946601	shuvam
214	Q0	1080709_sports_story_9524704.utf8	59	8.931895	shuvam
214	Q0	1051014_sports_story_5352569.utf8	60	8.852198	shuvam
214	Q0	1080428_sports_story_9197681.utf8	61	8.844916	shuvam
214	Q0	1100106_sports_story_11948891.utf8	62	8.830536	shuvam
214	Q0	1080428_sports_story_9198372.utf8	63	8.816255	shuvam
214	Q0	1080708_sports_story_9519344.utf8	64	8.761761	shuvam
214	Q0	1080428_sports_story_9198373.utf8	65	8.732104	shuvam
214	Q0	1070805_sports_story_8151714.utf8	66	8.724819	shuvam
214	Q0	1060521_sports_story_6250443.utf8	67	8.703908	shuvam
214	Q0	en.15.154.344.2009.11.26	68	8.636433	shuvam
214	Q0	1091127_sports_story_11790118.utf8	69	8.613207	shuvam
214	Q0	1080427_sports_story_9194646.utf8	70	8.560318	shuvam
214	Q0	1060329_sports_story_6028847.utf8	71	8.539769	shuvam
214	Q0	1080505_sports_story_9227019.utf8	72	8.528153	shuvam
214	Q0	1080511_sports_story_9255230.utf8	73	8.516532	shuvam
214	Q0	1080427_sports_story_9194749.utf8	74	8.499912	shuvam
214	Q0	1061209_sports_story_7117503.utf8	75	8.492678	shuvam
214	Q0	1070112_sports_story_7252492.utf8	76	8.478827	shuvam
214	Q0	1080427_opinion_story_9182051.utf8	77	8.469259	shuvam
214	Q0	1080503_sports_story_9219703.utf8	78	8.466782	shuvam
214	Q0	1080427_sports_story_9194556.utf8	79	8.463631	shuvam
214	Q0	en.15.85.236.2008.9.19	80	8.451431	shuvam
214	Q0	1080606_sports_story_9372841.utf8	81	8.392236	shuvam
214	Q0	1060601_sports_story_6296609.utf8	82	8.368779	shuvam
214	Q0	1100518_sports_story_12461103.utf8	83	8.366874	shuvam
214	Q0	1060626_sports_story_6401204.utf8	84	8.359098	shuvam
214	Q0	1080514_sports_story_9268038.utf8	85	8.344544	shuvam
214	Q0	1060702_sports_story_6427349.utf8	86	8.235481	shuvam
214	Q0	1051012_sports_story_5348135.utf8	87	8.228115	shuvam
214	Q0	en.3.395.429.2007.10.2	88	8.221016	shuvam
214	Q0	1100213_sports_story_12100375.utf8	89	8.220443	shuvam
214	Q0	1060627_sports_story_6405478.utf8	90	8.217482	shuvam
214	Q0	1070917_sports_story_8325801.utf8	91	8.216049	shuvam
214	Q0	1091110_sports_story_11721335.utf8	92	8.201325	shuvam
214	Q0	1080428_sports_story_9197816.utf8	93	8.179065	shuvam
214	Q0	1070211_sports_story_7377889.utf8	94	8.166414	shuvam
214	Q0	1091206_sports_story_11827918.utf8	95	8.155958	shuvam
214	Q0	1060505_sports_story_6184939.utf8	96	8.153668	shuvam
214	Q0	1060320_sports_story_5988341.utf8	97	8.145412	shuvam
214	Q0	1070913_sports_story_8311101.utf8	98	8.107940	shuvam
214	Q0	1051026_sports_story_5400332.utf8	99	8.099926	shuvam
214	Q0	1100124_sports_story_12022952.utf8	100	8.087431	shuvam
215	Q0	1040611_nation_story_3357632.utf8	1	9.385842	shuvam
215	Q0	1060408_nation_story_6073157.utf8	2	8.595098	shuvam
215	Q0	1080601_calcutta_story_9347149.utf8	3	8.581442	shuvam
215	Q0	1071204_calcutta_story_8599953.utf8	4	8.578336	shuvam
215	Q0	1040706_business_story_3459625.utf8	5	8.314874	shuvam
215	Q0	1041103_nation_story_3959266.utf8	6	8.259563	shuvam
215	Q0	1050617_nation_story_4877832.utf8	7	8.045882	shuvam
215	Q0	en.15.109.247.2009.2.8	8	7.987266	shuvam
215	Q0	1050810_business_story_5095110.utf8	9	7.943742	shuvam
215	Q0	1050718_business_story_5003109.utf8	10	7.911863	shuvam
215	Q0	1050412_nation_story_4604609.utf8	11	7.893770	shuvam
215	Q0	1070114_frontpage_story_7260813.utf8	12	7.806847	shuvam
215	Q0	en.15.101.22.2008.12.17	13	7.805658	shuvam
215	Q0	1040206_calcutta_story_2852618.utf8	14	7.766569	shuvam
215	Q0	1060403_nation_story_6050294.utf8	15	7.724171	shuvam
215	Q0	1081112_calcutta_story_10095883.utf8	16	7.594377	shuvam
215	Q0	1060512_calcutta_story_6202207.utf8	17	7.552979	shuvam
215	Q0	1041202_calcutta_story_4053692.utf8	18	7.543429	shuvam
215	Q0	en.15.254.162.2008.3.27	19	7.527502	shuvam
215	Q0	1041206_calcutta_story_4090377.utf8	20	7.517344	shuvam
215	Q0	en.15.190.470.2007.6.14	21	7.402164	shuvam
215	Q0	1061122_calcutta_story_7033569.utf8	22	7.350579	shuvam
215	Q0	1040720_nation_story_3518040.utf8	23	7.272768	shuvam
215	Q0	1050826_business_story_5157773.utf8	24	7.242603	shuvam
215	Q0	1020902_nation_story_1159630.utf8	25	7.236065	shuvam
215	Q0	1060501_calcutta_story_6163394.utf8	26	7.220922	shuvam
215	Q0	1060122_business_story_5751643.utf8	27	7.199505	shuvam
215	Q0	1061204_calcutta_story_7088391.utf8	28	7.179173	shuvam
215	Q0	1060619_calcutta_story_6368589.utf8	29	7.140804	shuvam
215	Q0	1061031_calcutta_story_6938158.utf8	30	7.099918	shuvam
215	Q0	1080902_calcutta_story_9776509.utf8	31	6.984881	shuvam
215	Q0	1090823_nation_story_11395768.utf8	32	6.980586	shuvam
215	Q0	1080115_nation_story_8783187.utf8	33	6.917068	shuvam
215	Q0	1070612_business_story_7911260.utf8	34	6.908124	shuvam
215	Q0	1060717_calcutta_story_6486127.utf8	35	6.884984	shuvam
215	Q0	1050226_calcutta_story_4420092.utf8	36	6.873770	shuvam
215	Q0	1060823_calcutta_story_6645239.utf8	37	6.844872	shuvam
215	Q0	1050907_nation_story_5207020.utf8	38	6.812538	shuvam
215	Q0	1060401_calcutta_story_6039959.utf8	39	6.807748	shuvam
215	Q0	en.3.377.440.2007.6.30	40	6.775597	shuvam
215	Q0	1041124_calcutta_story_4037401.utf8	41	6.714396	shuvam
215	Q0	1100610_opinion_story_12545872.utf8	42	6.711253	shuvam
215	Q0	1070218_nation_story_7407253.utf8	43	6.672672	shuvam
215	Q0	1060119_nation_story_5739241.utf8	44	6.664143	shuvam
215	Q0	1031127_business_story_2616750.utf8	45	6.651762	shuvam
215	Q0	1061028_calcutta_story_6924478.utf8	46	6.646764	shuvam
215	Q0	1030401_opinion_story_1827181.utf8	47	6.628291	shuvam
215	Q0	1060228_calcutta_story_5906849.utf8	48	6.528355	shuvam
215	Q0	1041205_calcutta_story_4085496.utf8	49	6.503874	shuvam
215	Q0	1080516_nation_story_9278453.utf8	50	6.448379	shuvam
215	Q0	1040225_calcutta_story_2932122.utf8	51	6.444694	shuvam
215	Q0	1051025_calcutta_story_5396910.utf8	52	6.414189	shuvam
215	Q0	1060207_calcutta_story_5815596.utf8	53	6.341861	shuvam
215	Q0	en.15.74.483.2008.7.6	54	6.310395	shuvam
215	Q0	1030923_nation_story_2392900.utf8	55	6.288755	shuvam
215	Q0	1050228_business_story_4434025.utf8	56	6.275784	shuvam
215	Q0	1080709_foreign_story_9524963.utf8	57	6.246377	shuvam
215	Q0	1020908_business_story_1178811.utf8	58	6.245828	shuvam
215	Q0	1030606_calcutta_story_2040328.utf8	59	6.225787	shuvam
215	Q0	1080518_nation_story_9287042.utf8	60	6.221698	shuvam
215	Q0	en.15.254.322.2008.3.27	61	6.218306	shuvam
215	Q0	1041217_etc_story_4128618.utf8	62	6.216377	shuvam
215	Q0	1040412_business_story_3116246.utf8	63	6.196548	shuvam
215	Q0	1071110_nation_story_8532034.utf8	64	6.192121	shuvam
215	Q0	en.15.104.62.2009.1.6	65	6.184138	shuvam
215	Q0	1070826_entertainment_story_8236281.utf8	66	6.174673	shuvam
215	Q0	1050113_calcutta_story_3771112.utf8	67	6.171868	shuvam
215	Q0	en.3.373.409.2007.6.11	68	6.159983	shuvam
215	Q0	1040601_nation_story_3316837.utf8	69	6.140667	shuvam
215	Q0	1061221_calcutta_story_7164326.utf8	70	6.138064	shuvam
215	Q0	1051112_calcutta_story_5466203.utf8	71	6.136532	shuvam
215	Q0	1040202_business_story_2850534.utf8	72	6.119883	shuvam
215	Q0	1071220_calcutta_story_8690324.utf8	73	6.112496	shuvam
215	Q0	en.15.63.217.2008.4.25	74	6.097066	shuvam
215	Q0	1040527_calcutta_story_3295465.utf8	75	6.076404	shuvam
215	Q0	en.15.117.171.2009.2.22	76	6.061770	shuvam
215	Q0	1070111_business_story_7246234.utf8	77	6.047491	shuvam
215	Q0	1030421_nation_story_1892977.utf8	78	6.037515	shuvam
215	Q0	1061214_calcutta_story_7137933.utf8	79	6.035439	shuvam
215	Q0	1050630_calcutta_story_4931509.utf8	80	6.029194	shuvam
215	Q0	1040615_calcutta_story_3364828.utf8	81	6.007237	shuvam
215	Q0	1060213_nation_story_5839221.utf8	82	6.000938	shuvam
215	Q0	1030430_nation_story_1924406.utf8	83	5.998408	shuvam
215	Q0	1040316_nation_story_3008832.utf8	84	5.991075	shuvam
215	Q0	1061218_calcutta_story_7152949.utf8	85	5.990498	shuvam
215	Q0	1080704_frontpage_story_9502856.utf8	86	5.988972	shuvam
215	Q0	1040119_nation_story_2802152.utf8	87	5.984159	shuvam
215	Q0	1101225_calcutta_story_13347360.utf8	88	5.961128	shuvam
215	Q0	1070911_calcutta_story_8300479.utf8	89	5.955606	shuvam
215	Q0	1060503_calcutta_story_6172737.utf8	90	5.944486	shuvam
215	Q0	1061009_calcutta_story_6844155.utf8	91	5.904478	shuvam
215	Q0	1040907_nation_story_3726922.utf8	92	5.898905	shuvam
215	Q0	1040720_calcutta_story_3505283.utf8	93	5.893767	shuvam
215	Q0	1051126_calcutta_story_5522571.utf8	94	5.885534	shuvam
215	Q0	1041111_calcutta_story_3984708.utf8	95	5.868721	shuvam
215	Q0	en.2.311.231.2010.4.26	96	5.864566	shuvam
215	Q0	1060109_nation_story_5698166.utf8	97	5.863795	shuvam
215	Q0	1040906_nation_story_3723437.utf8	98	5.862702	shuvam
215	Q0	1040102_nation_story_2743283.utf8	99	5.832683	shuvam
215	Q0	en.15.139.68.2009.8.12	100	5.820514	shuvam
216	Q0	1061019_opinion_story_6882394.utf8	1	12.640327	shuvam
216	Q0	en.15.188.94.2007.6.4	2	11.208543	shuvam
216	Q0	1061014_frontpage_story_6869683.utf8	3	10.805633	shuvam
216	Q0	en.15.95.28.2008.11.14	4	10.795512	shuvam
216	Q0	en.15.76.325.2008.7.15	5	10.640263	shuvam
216	Q0	1101209_nation_story_13277871.utf8	6	10.626411	shuvam
216	Q0	1061211_foreign_story_7124730.utf8	7	10.613283	shuvam
216	Q0	1091210_nation_story_11846188.utf8	8	10.496548	shuvam
216	Q0	en.15.76.206.2008.7.17	9	10.438386	shuvam
216	Q0	1070201_nation_story_7334428.utf8	10	10.351975	shuvam
216	Q0	1070130_nation_story_7324470.utf8	11	10.246427	shuvam
216	Q0	1100728_frontpage_story_12739725.utf8	12	10.170023	shuvam
216	Q0	1070213_nation_story_7383651.utf8	13	10.104783	shuvam
216	Q0	en.15.83.319.2008.9.6	14	10.054629	shuvam
216	Q0	1090902_nation_story_11439587.utf8	15	10.023803	shuvam
216	Q0	en.15.219.306.2007.11.4	16	10.018796	shuvam
216	Q0	en.2.279.417.2009.8.30	17	9.913336	shuvam
216	Q0	1061016_frontpage_story_6876967.utf8	18	9.772685	shuvam
216	Q0	en.3.389.248.2007.9.2	19	9.731579	shuvam
216	Q0	en.15.139.79.2009.8.13	20	9.581600	shuvam
216	Q0	1061014_opinion_story_6867669.utf8	21	9.557495	shuvam
216	Q0	1061025_opinion_story_6910719.utf8	22	9.549724	shuvam
216	Q0	en.15.241.326.2008.2.12	23	9.493410	shuvam
216	Q0	1061015_nation_story_6873328.utf8	24	9.484521	shuvam
216	Q0	1061014_nation_story_6869806.utf8	25	9.396594	shuvam
216	Q0	en.15.86.119.2008.9.27	26	9.376003	shuvam
216	Q0	1080304_frontpage_story_8978589.utf8	27	9.310946	shuvam
216	Q0	1061014_nation_story_6870202.utf8	28	9.243416	shuvam
216	Q0	en.3.331.13.2009.10.9	29	9.226766	shuvam
216	Q0	en.15.110.173.2009.3.24	30	9.226766	shuvam
216	Q0	en.15.135.492.2009.7.20	31	9.186884	shuvam
216	Q0	en.15.186.335.2007.5.29	32	9.184711	shuvam
216	Q0	1061014_opinion_story_6869110.utf8	33	9.163329	shuvam
216	Q0	en.3.381.57.2007.7.22	34	9.152176	shuvam
216	Q0	en.15.83.23.2008.9.6	35	9.108383	shuvam
216	Q0	en.3.321.276.2009.8.1	36	9.084408	shuvam
216	Q0	1061015_opinion_story_6870922.utf8	37	9.081628	shuvam
216	Q0	en.15.121.384.2009.4.23	38	9.058584	shuvam
216	Q0	en.2.258.81.2009.4.16	39	9.040349	shuvam
216	Q0	en.15.70.75.2008.6.8	40	8.972832	shuvam
216	Q0	en.15.155.162.2009.12.10	41	8.972832	shuvam
216	Q0	en.15.155.355.2009.12.10	42	8.972832	shuvam
216	Q0	en.3.388.425.2007.8.29	43	8.927049	shuvam
216	Q0	en.2.291.193.2009.12.3	44	8.883446	shuvam
216	Q0	en.3.354.214.2010.3.17	45	8.879768	shuvam
216	Q0	1050616_business_story_4873427.utf8	46	8.789314	shuvam
216	Q0	1050925_business_story_5281639.utf8	47	8.755797	shuvam
216	Q0	1061015_opinion_story_6870967.utf8	48	8.735254	shuvam
216	Q0	1041129_business_story_4061996.utf8	49	8.726744	shuvam
216	Q0	en.15.181.268.2010.5.18	50	8.713953	shuvam
216	Q0	1021104_bengal_story_1352966.utf8	51	8.628964	shuvam
216	Q0	en.3.407.70.2007.11.26	52	8.564051	shuvam
216	Q0	1061014_frontpage_index.utf8	53	8.391039	shuvam
216	Q0	1061027_calcutta_story_6922822.utf8	54	8.284913	shuvam
216	Q0	en.15.83.463.2008.9.5	55	8.248951	shuvam
216	Q0	1070212_foreign_story_7380826.utf8	56	8.140601	shuvam
216	Q0	en.15.83.68.2008.9.6	57	8.128393	shuvam
216	Q0	1070219_foreign_story_7411049.utf8	58	8.117730	shuvam
216	Q0	en.15.79.350.2008.8.13	59	8.105219	shuvam
216	Q0	1101207_foreign_story_13268426.utf8	60	8.073321	shuvam
216	Q0	1051010_business_story_5340409.utf8	61	7.904656	shuvam
216	Q0	en.3.321.418.2009.8.1	62	7.903530	shuvam
216	Q0	1101204_nation_story_13257622.utf8	63	7.898403	shuvam
216	Q0	1061015_opinion_index.utf8	64	7.877464	shuvam
216	Q0	en.15.252.408.2008.3.21	65	7.853291	shuvam
216	Q0	en.15.102.267.2008.12.23	66	7.826236	shuvam
216	Q0	1051011_business_story_5342577.utf8	67	7.823354	shuvam
216	Q0	1070503_frontpage_story_7728236.utf8	68	7.786125	shuvam
216	Q0	1071126_nation_story_8592971.utf8	69	7.683619	shuvam
216	Q0	1061211_foreign_index.utf8	70	7.677505	shuvam
216	Q0	en.2.279.64.2009.8.31	71	7.670164	shuvam
216	Q0	1070615_opinion_story_7919656.utf8	72	7.658230	shuvam
216	Q0	1061014_opinion_index.utf8	73	7.639142	shuvam
216	Q0	1101202_nation_story_13248375.utf8	74	7.620920	shuvam
216	Q0	en.15.218.122.2007.11.3	75	7.613664	shuvam
216	Q0	1030411_frontpage_story_1862246.utf8	76	7.512779	shuvam
216	Q0	1061014_nation_story_6869624.utf8	77	7.508684	shuvam
216	Q0	1070221_opinion_index.utf8	78	7.447374	shuvam
216	Q0	1091210_nation_story_11846190.utf8	79	7.434710	shuvam
216	Q0	en.15.218.135.2007.11.3	80	7.346263	shuvam
216	Q0	en.15.88.441.2008.10.6	81	7.279761	shuvam
216	Q0	en.15.90.413.2008.10.18	82	7.172480	shuvam
216	Q0	en.15.78.42.2008.8.5	83	7.120399	shuvam
216	Q0	en.3.326.256.2009.9.7	84	7.111406	shuvam
216	Q0	1070102_nation_story_7210182.utf8	85	7.110543	shuvam
216	Q0	1040913_opinion_story_3749682.utf8	86	7.057249	shuvam
216	Q0	en.15.78.237.2008.8.1	87	7.001085	shuvam
216	Q0	en.15.79.454.2008.8.9	88	7.001085	shuvam
216	Q0	1030411_nation_story_1861883.utf8	89	6.991393	shuvam
216	Q0	1070210_bengal_story_7374792.utf8	90	6.955187	shuvam
216	Q0	1070214_opinion_story_7361872.utf8	91	6.948788	shuvam
216	Q0	1090902_nation_index.utf8	92	6.916539	shuvam
216	Q0	1070606_business_story_7883171.utf8	93	6.891853	shuvam
216	Q0	1070219_foreign_index.utf8	94	6.854339	shuvam
216	Q0	en.15.61.460.2008.4.13	95	6.849240	shuvam
216	Q0	1040425_business_story_3170294.utf8	96	6.810884	shuvam
216	Q0	1050705_business_story_4950759.utf8	97	6.794598	shuvam
216	Q0	en.15.225.174.2007.12.4	98	6.656399	shuvam
216	Q0	en.15.219.498.2007.11.4	99	6.636791	shuvam
216	Q0	1091210_nation_index.utf8	100	6.597975	shuvam
217	Q0	1060516_calcutta_story_6227427.utf8	1	15.246595	shuvam
217	Q0	1060510_nation_story_6205500.utf8	2	14.348383	shuvam
217	Q0	1060518_calcutta_story_6236447.utf8	3	14.076517	shuvam
217	Q0	1090513_nation_story_10956815.utf8	4	14.043694	shuvam
217	Q0	1060519_calcutta_story_6241597.utf8	5	13.152793	shuvam
217	Q0	1060519_nation_story_6243285.utf8	6	12.864900	shuvam
217	Q0	en.15.124.277.2009.5.15	7	12.676582	shuvam
217	Q0	1050702_calcutta_story_4941749.utf8	8	12.546178	shuvam
217	Q0	1060602_calcutta_story_6294875.utf8	9	12.454954	shuvam
217	Q0	1060519_opinion_story_6230366.utf8	10	12.225233	shuvam
217	Q0	1060521_foreign_story_6250642.utf8	11	12.158272	shuvam
217	Q0	1060527_calcutta_story_6274062.utf8	12	11.930683	shuvam
217	Q0	1060524_calcutta_story_6261379.utf8	13	11.733665	shuvam
217	Q0	1051031_foreign_story_5420395.utf8	14	11.694288	shuvam
217	Q0	1060524_nation_story_6262764.utf8	15	11.506680	shuvam
217	Q0	1090515_calcutta_story_10964795.utf8	16	11.472478	shuvam
217	Q0	en.2.260.171.2009.5.1	17	11.381339	shuvam
217	Q0	1060320_foreign_story_5988438.utf8	18	11.351852	shuvam
217	Q0	1060806_calcutta_story_6573496.utf8	19	11.334780	shuvam
217	Q0	1060518_nation_story_6238607.utf8	20	11.060678	shuvam
217	Q0	1060518_nation_story_6238605.utf8	21	11.002003	shuvam
217	Q0	1060518_nation_story_6238606.utf8	22	10.783284	shuvam
217	Q0	1040808_foreign_story_3598818.utf8	23	10.612028	shuvam
217	Q0	1060524_frontpage_story_6263327.utf8	24	10.586728	shuvam
217	Q0	1060518_nation_story_6238608.utf8	25	10.474617	shuvam
217	Q0	1060427_calcutta_story_6152136.utf8	26	10.430227	shuvam
217	Q0	1050807_foreign_story_5084385.utf8	27	10.323565	shuvam
217	Q0	1060518_opinion_story_6236182.utf8	28	10.289303	shuvam
217	Q0	1090913_foreign_story_11487718.utf8	29	10.242993	shuvam
217	Q0	1060615_opinion_story_6351996.utf8	30	10.135835	shuvam
217	Q0	1080618_opinion_story_9426610.utf8	31	10.104076	shuvam
217	Q0	1060522_foreign_story_6253969.utf8	32	10.085805	shuvam
217	Q0	1050112_foreign_story_4243672.utf8	33	10.058499	shuvam
217	Q0	1060601_calcutta_story_6297692.utf8	34	10.048163	shuvam
217	Q0	1060527_nation_story_6276889.utf8	35	10.028596	shuvam
217	Q0	1060517_frontpage_story_6233461.utf8	36	9.927669	shuvam
217	Q0	1060622_nation_story_6384965.utf8	37	9.833510	shuvam
217	Q0	1061104_calcutta_story_6954853.utf8	38	9.808866	shuvam
217	Q0	1041027_nation_story_3930081.utf8	39	9.787443	shuvam
217	Q0	en.3.375.136.2007.6.19	40	9.781229	shuvam
217	Q0	1041225_atleisure_story_4172865.utf8	41	9.757120	shuvam
217	Q0	1060523_opinion_story_6255293.utf8	42	9.734056	shuvam
217	Q0	1060507_calcutta_story_6182760.utf8	43	9.644265	shuvam
217	Q0	1090528_calcutta_story_11027344.utf8	44	9.625757	shuvam
217	Q0	1060518_calcutta_story_6239180.utf8	45	9.585092	shuvam
217	Q0	1090913_foreign_index.utf8	46	9.569101	shuvam
217	Q0	1060518_frontpage_story_6237966.utf8	47	9.528299	shuvam
217	Q0	1060517_nation_story_6234125.utf8	48	9.433447	shuvam
217	Q0	en.15.192.437.2007.6.20	49	9.364077	shuvam
217	Q0	1060314_foreign_story_5967026.utf8	50	9.331677	shuvam
217	Q0	1060517_nation_story_6234123.utf8	51	9.293364	shuvam
217	Q0	1060526_nation_story_6271010.utf8	52	9.284748	shuvam
217	Q0	1060509_calcutta_story_6198787.utf8	53	9.232687	shuvam
217	Q0	en.2.266.241.2009.6.8	54	9.212346	shuvam
217	Q0	1100314_frontpage_story_12214677.utf8	55	9.093648	shuvam
217	Q0	1051229_foreign_index.utf8	56	8.896555	shuvam
217	Q0	1090713_frontpage_story_11228519.utf8	57	8.880717	shuvam
217	Q0	1060531_opinion_story_6274689.utf8	58	8.772154	shuvam
217	Q0	1050701_foreign_story_4934630.utf8	59	8.445500	shuvam
217	Q0	1060605_nation_story_6312119.utf8	60	8.377710	shuvam
217	Q0	1060622_nation_story_6384274.utf8	61	8.365807	shuvam
217	Q0	1060725_opinion_story_6519775.utf8	62	8.350834	shuvam
217	Q0	1060519_opinion_story_6239532.utf8	63	8.312167	shuvam
217	Q0	1060521_opinion_story_6248611.utf8	64	8.283251	shuvam
217	Q0	en.15.243.272.2008.2.20	65	8.262147	shuvam
217	Q0	1051107_calcutta_story_5426077.utf8	66	8.260752	shuvam
217	Q0	1060521_calcutta_story_6248988.utf8	67	8.247932	shuvam
217	Q0	1060526_calcutta_story_6273147.utf8	68	8.245428	shuvam
217	Q0	1060518_calcutta_story_6235030.utf8	69	8.227807	shuvam
217	Q0	1051229_foreign_story_5657340.utf8	70	8.222816	shuvam
217	Q0	1060602_nation_story_6301165.utf8	71	8.215020	shuvam
217	Q0	1040620_calcutta_story_3391882.utf8	72	8.049924	shuvam
217	Q0	1060517_calcutta_story_6234738.utf8	73	7.989118	shuvam
217	Q0	1060906_foreign_story_6705697.utf8	74	7.981236	shuvam
217	Q0	1070606_opinion_story_7879957.utf8	75	7.880803	shuvam
217	Q0	1040725_calcutta_story_3540525.utf8	76	7.848634	shuvam
217	Q0	1060602_calcutta_story_6302545.utf8	77	7.837158	shuvam
217	Q0	1041116_foreign_story_4009026.utf8	78	7.779647	shuvam
217	Q0	1060524_nation_story_6261949.utf8	79	7.770813	shuvam
217	Q0	1090302_frontpage_story_10611788.utf8	80	7.713268	shuvam
217	Q0	1050501_foreign_story_4683616.utf8	81	7.711028	shuvam
217	Q0	1060624_foreign_story_6394653.utf8	82	7.698741	shuvam
217	Q0	1050701_foreign_index.utf8	83	7.698741	shuvam
217	Q0	1061118_calcutta_story_7016378.utf8	84	7.617343	shuvam
217	Q0	1060530_foreign_story_6287335.utf8	85	7.566959	shuvam
217	Q0	1050102_calcutta_story_4197538.utf8	86	7.564237	shuvam
217	Q0	1060610_opinion_story_6332794.utf8	87	7.498427	shuvam
217	Q0	1071209_foreign_story_8647543.utf8	88	7.495052	shuvam
217	Q0	en.3.407.81.2007.11.26	89	7.485069	shuvam
217	Q0	1040825_opinion_story_3664467.utf8	90	7.444643	shuvam
217	Q0	1060520_nation_story_6247246.utf8	91	7.421233	shuvam
217	Q0	1040703_foreign_story_3448871.utf8	92	7.393741	shuvam
217	Q0	1060601_nation_story_6296586.utf8	93	7.393286	shuvam
217	Q0	1060920_opinion_story_6763027.utf8	94	7.379606	shuvam
217	Q0	1061005_calcutta_story_6829492.utf8	95	7.365656	shuvam
217	Q0	1060821_nation_story_6635287.utf8	96	7.304598	shuvam
217	Q0	1070119_opinion_story_7279277.utf8	97	7.295232	shuvam
217	Q0	1060417_foreign_story_6108931.utf8	98	7.290022	shuvam
217	Q0	1080320_sports_story_9040196.utf8	99	7.275969	shuvam
217	Q0	1051130_calcutta_story_5538668.utf8	100	7.210317	shuvam
218	Q0	1090427_calcutta_story_10879192.utf8	1	18.279461	shuvam
218	Q0	1091225_frontpage_story_11907653.utf8	2	18.111940	shuvam
218	Q0	1051008_frontpage_story_5334340.utf8	3	17.653486	shuvam
218	Q0	1091203_calcutta_story_11814648.utf8	4	15.754745	shuvam
218	Q0	1081015_nation_story_9969871.utf8	5	15.693192	shuvam
218	Q0	1050202_foreign_story_4326701.utf8	6	15.593480	shuvam
218	Q0	1091106_frontpage_story_11706983.utf8	7	15.520409	shuvam
218	Q0	en.15.92.272.2008.10.26	8	15.376347	shuvam
218	Q0	1100409_nation_story_12320638.utf8	9	15.259222	shuvam
218	Q0	1051221_nation_story_5626558.utf8	10	15.006296	shuvam
218	Q0	1020920_nation_story_1217082.utf8	11	14.586325	shuvam
218	Q0	1081007_frontpage_story_9937501.utf8	12	14.392968	shuvam
218	Q0	en.3.403.47.2007.11.6	13	14.345352	shuvam
218	Q0	1051226_business_story_5645637.utf8	14	14.141432	shuvam
218	Q0	en.3.400.488.2007.10.26	15	14.064135	shuvam
218	Q0	en.3.395.75.2007.10.3	16	13.582739	shuvam
218	Q0	en.15.89.417.2008.10.10	17	13.571088	shuvam
218	Q0	1081008_opinion_story_9938535.utf8	18	13.487378	shuvam
218	Q0	en.15.104.99.2009.1.10	19	13.411477	shuvam
218	Q0	en.15.172.56.2010.3.26	20	13.153818	shuvam
218	Q0	1091102_nation_story_11679557.utf8	21	13.030246	shuvam
218	Q0	1100425_nation_story_12378389.utf8	22	12.731166	shuvam
218	Q0	1040517_calcutta_story_3254813.utf8	23	12.434309	shuvam
218	Q0	1050123_opinion_story_4288675.utf8	24	11.748156	shuvam
218	Q0	1060104_business_story_5678523.utf8	25	11.606803	shuvam
218	Q0	1090320_nation_story_10697249.utf8	26	11.445396	shuvam
218	Q0	1030718_calcutta_story_2174275.utf8	27	11.284071	shuvam
218	Q0	en.15.228.238.2007.12.17	28	11.133207	shuvam
218	Q0	en.15.218.370.2007.11.1	29	10.904058	shuvam
218	Q0	1100105_foreign_story_11943343.utf8	30	10.852984	shuvam
218	Q0	en.15.236.18.2008.1.24	31	10.707617	shuvam
218	Q0	1090323_foreign_story_10710187.utf8	32	10.596499	shuvam
218	Q0	en.3.332.379.2009.10.22	33	10.578455	shuvam
218	Q0	1031113_calcutta_story_2550482.utf8	34	10.427773	shuvam
218	Q0	1050128_bengal_story_4306545.utf8	35	10.403234	shuvam
218	Q0	1040811_calcutta_story_3607397.utf8	36	10.384449	shuvam
218	Q0	1080820_frontpage_story_9717320.utf8	37	10.377710	shuvam
218	Q0	en.15.99.225.2008.12.7	38	10.331401	shuvam
218	Q0	en.15.69.228.2008.6.1	39	10.238670	shuvam
218	Q0	en.15.78.250.2008.8.6	40	10.103444	shuvam
218	Q0	en.15.253.126.2008.3.25	41	9.955505	shuvam
218	Q0	1090119_frontpage_story_10410117.utf8	42	9.932472	shuvam
218	Q0	1041213_nation_story_4121752.utf8	43	9.735156	shuvam
218	Q0	en.15.64.388.2008.4.29	44	9.721564	shuvam
218	Q0	1080211_nation_story_8887828.utf8	45	9.704287	shuvam
218	Q0	1051103_bengal_story_5431827.utf8	46	9.551357	shuvam
218	Q0	en.15.111.446.2009.3.22	47	9.519789	shuvam
218	Q0	en.3.333.11.2009.10.24	48	9.436279	shuvam
218	Q0	en.15.125.187.2009.5.20	49	9.328991	shuvam
218	Q0	1060111_calcutta_story_5705382.utf8	50	9.229101	shuvam
218	Q0	1080603_nation_story_9357359.utf8	51	8.729281	shuvam
218	Q0	1061004_opinion_story_6821666.utf8	52	8.720901	shuvam
218	Q0	1021104_calcutta_story_1351432.utf8	53	8.673570	shuvam
218	Q0	1050202_foreign_index.utf8	54	8.618212	shuvam
218	Q0	en.2.317.189.2010.5.27	55	8.384738	shuvam
218	Q0	en.15.64.435.2008.4.28	56	8.359859	shuvam
218	Q0	1040617_calcutta_story_3378853.utf8	57	8.257463	shuvam
218	Q0	1080914_nation_story_9831105.utf8	58	8.216700	shuvam
218	Q0	en.15.90.42.2008.10.17	59	8.214113	shuvam
218	Q0	1040310_calcutta_story_2983716.utf8	60	8.150797	shuvam
218	Q0	1041007_foreign_story_3851883.utf8	61	8.063894	shuvam
218	Q0	1081219_foreign_story_10273521.utf8	62	8.057356	shuvam
218	Q0	1021211_bengal_story_1469254.utf8	63	8.001143	shuvam
218	Q0	1030512_calcutta_story_1959431.utf8	64	7.969080	shuvam
218	Q0	1091118_frontpage_story_11754237.utf8	65	7.955818	shuvam
218	Q0	1040608_calcutta_story_3344528.utf8	66	7.892550	shuvam
218	Q0	1100312_calcutta_story_12204776.utf8	67	7.858749	shuvam
218	Q0	1020920_nation_index.utf8	68	7.830859	shuvam
218	Q0	1100409_nation_index.utf8	69	7.830859	shuvam
218	Q0	1030227_calcutta_story_1712963.utf8	70	7.803103	shuvam
218	Q0	1060318_calcutta_story_5969611.utf8	71	7.788961	shuvam
218	Q0	1041201_nation_story_4070914.utf8	72	7.781189	shuvam
218	Q0	1051108_calcutta_story_5447164.utf8	73	7.690634	shuvam
218	Q0	1070728_frontpage_story_8117891.utf8	74	7.684233	shuvam
218	Q0	1050116_calcutta_story_4257674.utf8	75	7.674332	shuvam
218	Q0	1030923_calcutta_story_2390873.utf8	76	7.659478	shuvam
218	Q0	1041104_calcutta_story_3960571.utf8	77	7.644133	shuvam
218	Q0	1030815_frontpage_story_2267457.utf8	78	7.641492	shuvam
218	Q0	1050215_calcutta_story_4377304.utf8	79	7.626111	shuvam
218	Q0	1061207_foreign_story_7107077.utf8	80	7.616748	shuvam
218	Q0	1060620_calcutta_story_6368670.utf8	81	7.561666	shuvam
218	Q0	1061011_business_story_6854354.utf8	82	7.514025	shuvam
218	Q0	1080226_nation_story_8949749.utf8	83	7.506686	shuvam
218	Q0	1050508_bengal_story_4711632.utf8	84	7.478830	shuvam
218	Q0	1021008_foreign_story_1273039.utf8	85	7.467851	shuvam
218	Q0	en.15.74.113.2008.7.6	86	7.453476	shuvam
218	Q0	en.3.349.225.2010.2.13	87	7.441306	shuvam
218	Q0	1021007_calcutta_story_1268414.utf8	88	7.427526	shuvam
218	Q0	1030102_calcutta_story_1533727.utf8	89	7.421101	shuvam
218	Q0	en.15.117.7.2009.2.23	90	7.378173	shuvam
218	Q0	1091112_opinion_story_11728317.utf8	91	7.378154	shuvam
218	Q0	1031208_calcutta_story_2643378.utf8	92	7.368326	shuvam
218	Q0	1031104_nation_story_2532577.utf8	93	7.352049	shuvam
218	Q0	en.15.231.236.2008.1.2	94	7.286843	shuvam
218	Q0	en.15.231.401.2008.1.2	95	7.286843	shuvam
218	Q0	1050721_calcutta_story_5012732.utf8	96	7.217651	shuvam
218	Q0	en.15.81.366.2008.8.27	97	7.209460	shuvam
218	Q0	1031016_calcutta_story_2443221.utf8	98	7.201188	shuvam
218	Q0	en.3.390.44.2007.9.11	99	7.178479	shuvam
218	Q0	1091111_nation_story_11726309.utf8	100	7.176842	shuvam
219	Q0	1040517_sports_story_3256765.utf8	1	10.463120	shuvam
219	Q0	1080827_calcutta_story_9746059.utf8	2	10.224203	shuvam
219	Q0	1070902_nation_story_8265945.utf8	3	9.347612	shuvam
219	Q0	1030722_nation_story_2187648.utf8	4	9.026032	shuvam
219	Q0	1080930_sports_story_9907423.utf8	5	8.800866	shuvam
219	Q0	1071009_sports_story_8412738.utf8	6	8.774716	shuvam
219	Q0	1071217_sports_story_8677688.utf8	7	8.522753	shuvam
219	Q0	1050306_frontpage_story_4460115.utf8	8	8.517136	shuvam
219	Q0	1050213_frontpage_story_4373376.utf8	9	8.463955	shuvam
219	Q0	1060405_sports_story_6059506.utf8	10	8.457889	shuvam
219	Q0	1080918_sports_story_9851098.utf8	11	8.451959	shuvam
219	Q0	1041114_sports_story_4001750.utf8	12	8.401793	shuvam
219	Q0	1071107_sports_story_8520975.utf8	13	8.392812	shuvam
219	Q0	1050202_frontpage_story_4327120.utf8	14	8.276868	shuvam
219	Q0	1081218_frontpage_story_10269080.utf8	15	8.238186	shuvam
219	Q0	1080720_nation_story_9574908.utf8	16	8.208008	shuvam
219	Q0	1070624_calcutta_story_7963921.utf8	17	8.178823	shuvam
219	Q0	1090831_frontpage_story_11430666.utf8	18	8.094530	shuvam
219	Q0	1080411_sports_story_9123379.utf8	19	8.010488	shuvam
219	Q0	1030529_sports_story_2015814.utf8	20	7.949816	shuvam
219	Q0	1030716_sports_story_2168339.utf8	21	7.879577	shuvam
219	Q0	1050318_sports_story_4507716.utf8	22	7.864767	shuvam
219	Q0	1050319_calcutta_story_4509721.utf8	23	7.756507	shuvam
219	Q0	en.3.361.125.2010.4.29	24	7.745688	shuvam
219	Q0	1051102_sports_story_5427296.utf8	25	7.743885	shuvam
219	Q0	1080201_sports_story_8849936.utf8	26	7.611375	shuvam
219	Q0	1100520_sports_story_12467601.utf8	27	7.606987	shuvam
219	Q0	1100203_sports_story_12058612.utf8	28	7.602605	shuvam
219	Q0	1100722_sports_story_12710242.utf8	29	7.587118	shuvam
219	Q0	1060312_sports_story_5958569.utf8	30	7.567256	shuvam
219	Q0	1101021_sports_story_13081486.utf8	31	7.529429	shuvam
219	Q0	1050424_frontpage_story_4655170.utf8	32	7.462506	shuvam
219	Q0	1080507_sports_story_9236978.utf8	33	7.438294	shuvam
219	Q0	1100322_sports_story_12245234.utf8	34	7.416088	shuvam
219	Q0	1050522_sports_story_4771196.utf8	35	7.409039	shuvam
219	Q0	1071217_sports_index.utf8	36	7.390577	shuvam
219	Q0	1071221_sports_story_8694228.utf8	37	7.362633	shuvam
219	Q0	1060325_sports_story_6012531.utf8	38	7.354597	shuvam
219	Q0	1100309_calcutta_story_12195098.utf8	39	7.330616	shuvam
219	Q0	1080922_sports_story_9868673.utf8	40	7.288998	shuvam
219	Q0	1090916_sports_story_11500022.utf8	41	7.214648	shuvam
219	Q0	1050206_opinion_story_4337674.utf8	42	7.213738	shuvam
219	Q0	1050703_sports_story_4944063.utf8	43	7.117482	shuvam
219	Q0	1050925_sports_story_5281910.utf8	44	7.117482	shuvam
219	Q0	1041225_weekend_story_4138101.utf8	45	7.110972	shuvam
219	Q0	1070712_sports_story_8048512.utf8	46	7.105773	shuvam
219	Q0	1040228_calcutta_story_2930032.utf8	47	7.093760	shuvam
219	Q0	1080425_sports_story_9185423.utf8	48	7.051506	shuvam
219	Q0	1080713_sports_story_9543164.utf8	49	7.017364	shuvam
219	Q0	1100305_sports_story_12179479.utf8	50	6.933363	shuvam
219	Q0	1080316_sports_story_9026198.utf8	51	6.928834	shuvam
219	Q0	1050206_sports_story_4344162.utf8	52	6.925006	shuvam
219	Q0	1050522_sports_index.utf8	53	6.906138	shuvam
219	Q0	1100911_sports_story_12922837.utf8	54	6.890774	shuvam
219	Q0	en.2.275.224.2009.8.4	55	6.841201	shuvam
219	Q0	1080512_sports_story_9258216.utf8	56	6.831875	shuvam
219	Q0	1050217_sports_story_4389086.utf8	57	6.830437	shuvam
219	Q0	en.2.278.335.2009.8.25	58	6.822090	shuvam
219	Q0	1050507_sports_story_4708073.utf8	59	6.770742	shuvam
219	Q0	1050328_calcutta_story_4533560.utf8	60	6.767688	shuvam
219	Q0	1080111_sports_story_8769093.utf8	61	6.765595	shuvam
219	Q0	1080214_sports_story_8901136.utf8	62	6.730757	shuvam
219	Q0	1070411_sports_story_7633102.utf8	63	6.717390	shuvam
219	Q0	1090911_sports_story_11479265.utf8	64	6.687582	shuvam
219	Q0	1050508_frontpage_story_4711768.utf8	65	6.667004	shuvam
219	Q0	1100614_sports_story_12562948.utf8	66	6.665112	shuvam
219	Q0	1090927_nation_story_11547196.utf8	67	6.649503	shuvam
219	Q0	1100320_sports_story_12239377.utf8	68	6.649294	shuvam
219	Q0	1070902_frontpage_story_8265724.utf8	69	6.648618	shuvam
219	Q0	1021113_sports_story_1380569.utf8	70	6.640492	shuvam
219	Q0	1050517_sports_story_4749250.utf8	71	6.640488	shuvam
219	Q0	1050518_sports_story_4754086.utf8	72	6.584271	shuvam
219	Q0	1050320_sports_story_4515669.utf8	73	6.561606	shuvam
219	Q0	1081029_sports_story_10033090.utf8	74	6.545812	shuvam
219	Q0	1050520_sports_story_4763397.utf8	75	6.536308	shuvam
219	Q0	1060514_sports_story_6221649.utf8	76	6.526805	shuvam
219	Q0	1050311_sports_story_4479357.utf8	77	6.509765	shuvam
219	Q0	1070619_sports_story_7942659.utf8	78	6.508740	shuvam
219	Q0	1050320_sports_story_4515678.utf8	79	6.463725	shuvam
219	Q0	1081024_sports_story_10012949.utf8	80	6.455067	shuvam
219	Q0	1050403_sports_story_4567798.utf8	81	6.430142	shuvam
219	Q0	1020918_sports_story_1209759.utf8	82	6.427573	shuvam
219	Q0	1080122_sports_story_8811881.utf8	83	6.415496	shuvam
219	Q0	1080925_sports_index.utf8	84	6.386600	shuvam
219	Q0	1050613_sports_story_4861096.utf8	85	6.295958	shuvam
219	Q0	1050721_frontpage_story_5015948.utf8	86	6.277092	shuvam
219	Q0	1070201_sports_story_7333866.utf8	87	6.276973	shuvam
219	Q0	1090113_sports_story_10382509.utf8	88	6.274414	shuvam
219	Q0	1100612_sports_story_12556492.utf8	89	6.273001	shuvam
219	Q0	1080316_sports_story_9026199.utf8	90	6.231202	shuvam
219	Q0	1050722_sports_story_5020503.utf8	91	6.219413	shuvam
219	Q0	1080616_sports_story_9417638.utf8	92	6.211947	shuvam
219	Q0	1060314_sports_story_5967160.utf8	93	6.194572	shuvam
219	Q0	1050529_sports_story_4800517.utf8	94	6.193376	shuvam
219	Q0	1091204_sports_story_11820647.utf8	95	6.189287	shuvam
219	Q0	1031214_sports_story_2677831.utf8	96	6.183317	shuvam
219	Q0	1050608_sports_story_4840816.utf8	97	6.137979	shuvam
219	Q0	1030809_sports_story_2248543.utf8	98	6.128310	shuvam
219	Q0	1060103_sports_story_5674853.utf8	99	6.116961	shuvam
219	Q0	1090708_sports_story_11209421.utf8	100	6.113416	shuvam
220	Q0	1031003_sports_story_2425724.utf8	1	12.303058	shuvam
220	Q0	1031127_frontpage_story_2617142.utf8	2	12.186926	shuvam
220	Q0	1031128_sports_story_2620610.utf8	3	12.046952	shuvam
220	Q0	1050513_calcutta_story_4732384.utf8	4	12.028671	shuvam
220	Q0	1031129_sports_story_2624914.utf8	5	11.955189	shuvam
220	Q0	1040513_sports_story_3240455.utf8	6	11.601694	shuvam
220	Q0	1031129_sports_story_2624918.utf8	7	11.529117	shuvam
220	Q0	1031127_sports_story_2616913.utf8	8	11.527324	shuvam
220	Q0	1031127_frontpage_index.utf8	9	11.454917	shuvam
220	Q0	1040602_sports_story_3321695.utf8	10	11.336270	shuvam
220	Q0	1031204_sports_story_2641819.utf8	11	11.324137	shuvam
220	Q0	1031129_opinion_story_2622041.utf8	12	11.313631	shuvam
220	Q0	1050205_sports_story_4340537.utf8	13	11.274775	shuvam
220	Q0	1021224_sports_story_1511120.utf8	14	11.205783	shuvam
220	Q0	1040217_sports_story_2904739.utf8	15	11.169393	shuvam
220	Q0	1040216_sports_story_2900549.utf8	16	11.136395	shuvam
220	Q0	1031226_sports_story_2720199.utf8	17	11.061408	shuvam
220	Q0	1031127_sports_story_2616540.utf8	18	11.046811	shuvam
220	Q0	1030930_sports_story_2415369.utf8	19	10.945357	shuvam
220	Q0	1030108_sports_story_1553926.utf8	20	10.933722	shuvam
220	Q0	1031127_sports_index.utf8	21	10.855378	shuvam
220	Q0	1070701_sports_story_8000124.utf8	22	10.820668	shuvam
220	Q0	1030318_sports_story_1779765.utf8	23	10.789701	shuvam
220	Q0	1040408_sports_story_3101084.utf8	24	10.775741	shuvam
220	Q0	1021202_sports_story_1440758.utf8	25	10.762415	shuvam
220	Q0	1031206_sports_story_2650298.utf8	26	10.613518	shuvam
220	Q0	1030316_sports_story_1773288.utf8	27	10.560658	shuvam
220	Q0	1041112_sports_story_3993546.utf8	28	10.535287	shuvam
220	Q0	1031127_sports_story_2616537.utf8	29	10.534483	shuvam
220	Q0	1030512_sports_story_1960561.utf8	30	10.516662	shuvam
220	Q0	1031128_sports_story_2620544.utf8	31	10.513716	shuvam
220	Q0	1021210_sports_story_1464811.utf8	32	10.509763	shuvam
220	Q0	1090507_sports_story_10927971.utf8	33	10.474560	shuvam
220	Q0	1080220_sports_story_8925379.utf8	34	10.450571	shuvam
220	Q0	1050528_sports_story_4797022.utf8	35	10.421750	shuvam
220	Q0	1051023_sports_story_5388704.utf8	36	10.412227	shuvam
220	Q0	1021029_sports_story_1335312.utf8	37	10.355844	shuvam
220	Q0	1041006_sports_story_3847361.utf8	38	10.351787	shuvam
220	Q0	1050215_sports_story_4380561.utf8	39	10.343727	shuvam
220	Q0	1031206_opinion_story_2635007.utf8	40	10.343204	shuvam
220	Q0	1031128_sports_story_2620616.utf8	41	10.295423	shuvam
220	Q0	1050903_sports_story_5192036.utf8	42	10.218745	shuvam
220	Q0	1021030_sports_story_1338657.utf8	43	10.194264	shuvam
220	Q0	1031001_sports_story_2419081.utf8	44	10.187111	shuvam
220	Q0	1021203_sports_story_1443944.utf8	45	10.185615	shuvam
220	Q0	1051223_opinion_story_5632652.utf8	46	10.179222	shuvam
220	Q0	1100311_sports_story_12201740.utf8	47	10.163207	shuvam
220	Q0	1040126_sports_story_2827303.utf8	48	10.153263	shuvam
220	Q0	1021107_sports_story_1360050.utf8	49	10.116658	shuvam
220	Q0	1030103_sports_story_1538564.utf8	50	10.109762	shuvam
220	Q0	1021225_sports_story_1511542.utf8	51	10.054537	shuvam
220	Q0	en.2.278.452.2009.8.25	52	10.007234	shuvam
220	Q0	1040108_opinion_story_2764775.utf8	53	9.991381	shuvam
220	Q0	1030410_sports_story_1859604.utf8	54	9.962670	shuvam
220	Q0	1080105_sports_story_8745892.utf8	55	9.948986	shuvam
220	Q0	1030714_sports_story_2162122.utf8	56	9.944180	shuvam
220	Q0	1051024_sports_story_5391782.utf8	57	9.915453	shuvam
220	Q0	1050216_calcutta_story_4382872.utf8	58	9.894529	shuvam
220	Q0	1090509_sports_story_10939154.utf8	59	9.829074	shuvam
220	Q0	1021026_sports_story_1325830.utf8	60	9.787078	shuvam
220	Q0	1081130_sports_story_10185286.utf8	61	9.780083	shuvam
220	Q0	1030102_sports_story_1536181.utf8	62	9.776775	shuvam
220	Q0	1090111_sports_story_10373759.utf8	63	9.748528	shuvam
220	Q0	1090620_sports_story_11136697.utf8	64	9.744085	shuvam
220	Q0	1030723_sports_story_2191101.utf8	65	9.740934	shuvam
220	Q0	1030219_sports_story_1686822.utf8	66	9.721277	shuvam
220	Q0	1021205_sports_story_1451232.utf8	67	9.714242	shuvam
220	Q0	1081112_sports_story_10098459.utf8	68	9.699266	shuvam
220	Q0	1031016_sports_story_2466778.utf8	69	9.686117	shuvam
220	Q0	1080509_sports_story_9247161.utf8	70	9.684330	shuvam
220	Q0	1050512_sports_story_4728703.utf8	71	9.654839	shuvam
220	Q0	1080113_sports_story_8776381.utf8	72	9.652048	shuvam
220	Q0	1040117_sports_story_2796897.utf8	73	9.647264	shuvam
220	Q0	1030712_sports_story_2157033.utf8	74	9.632221	shuvam
220	Q0	1040601_sports_story_3316630.utf8	75	9.625669	shuvam
220	Q0	1060426_sports_story_6146205.utf8	76	9.561529	shuvam
220	Q0	1030107_sports_story_1548728.utf8	77	9.539384	shuvam
220	Q0	1030802_sports_story_2226035.utf8	78	9.537843	shuvam
220	Q0	1090509_calcutta_story_10935817.utf8	79	9.536269	shuvam
220	Q0	1090501_sports_story_10903282.utf8	80	9.528448	shuvam
220	Q0	1090114_sports_story_10387692.utf8	81	9.501060	shuvam
220	Q0	1030603_sports_story_2031705.utf8	82	9.459971	shuvam
220	Q0	1040305_sports_story_2969661.utf8	83	9.427004	shuvam
220	Q0	1030819_sports_story_2276902.utf8	84	9.422171	shuvam
220	Q0	1021018_sports_story_1301723.utf8	85	9.388031	shuvam
220	Q0	1060813_sports_story_6606404.utf8	86	9.378693	shuvam
220	Q0	1070228_sports_story_7451072.utf8	87	9.369482	shuvam
220	Q0	1030728_sports_story_2207531.utf8	88	9.362199	shuvam
220	Q0	1050212_calcutta_story_4370568.utf8	89	9.350440	shuvam
220	Q0	1090717_sports_story_11245555.utf8	90	9.346349	shuvam
220	Q0	1040107_frontpage_story_2760695.utf8	91	9.336392	shuvam
220	Q0	1070222_sports_story_7425202.utf8	92	9.335409	shuvam
220	Q0	1040109_sports_story_2768227.utf8	93	9.303553	shuvam
220	Q0	1030322_sports_story_1792848.utf8	94	9.290541	shuvam
220	Q0	1031127_sports_story_2616541.utf8	95	9.289901	shuvam
220	Q0	1080806_sports_story_9650281.utf8	96	9.279114	shuvam
220	Q0	1070204_sports_story_7347752.utf8	97	9.277840	shuvam
220	Q0	en.3.357.106.2010.4.5	98	9.255301	shuvam
220	Q0	1031017_sports_story_2470997.utf8	99	9.245847	shuvam
220	Q0	en.15.148.181.2009.10.7	100	9.239691	shuvam
221	Q0	1060627_frontpage_story_6406009.utf8	1	18.044746	shuvam
221	Q0	1091118_business_story_11754455.utf8	2	15.459708	shuvam
221	Q0	1090512_frontpage_story_10952023.utf8	3	15.372612	shuvam
221	Q0	1060617_frontpage_story_6364772.utf8	4	14.705359	shuvam
221	Q0	en.15.77.382.2008.7.24	5	14.258247	shuvam
221	Q0	en.3.372.80.2007.6.8	6	14.211349	shuvam
221	Q0	1080706_opinion_story_9504421.utf8	7	14.175764	shuvam
221	Q0	1100328_nation_story_12273382.utf8	8	14.052199	shuvam
221	Q0	1090724_frontpage_story_11276664.utf8	9	14.030242	shuvam
221	Q0	1051208_frontpage_story_5574389.utf8	10	13.536658	shuvam
221	Q0	1100512_nation_story_12439668.utf8	11	13.531480	shuvam
221	Q0	en.15.162.63.2010.1.25	12	13.208052	shuvam
221	Q0	en.15.84.362.2008.9.12	13	13.088724	shuvam
221	Q0	en.15.86.409.2008.9.25	14	13.088724	shuvam
221	Q0	1040324_calcutta_story_3015772.utf8	15	12.955007	shuvam
221	Q0	en.15.73.305.2008.6.29	16	12.876419	shuvam
221	Q0	en.3.332.3.2009.10.16	17	12.714781	shuvam
221	Q0	1051101_foreign_story_5424264.utf8	18	12.684367	shuvam
221	Q0	1060622_foreign_story_6385274.utf8	19	12.616661	shuvam
221	Q0	1101202_business_story_13248086.utf8	20	12.479254	shuvam
221	Q0	en.15.105.149.2009.1.13	21	12.466096	shuvam
221	Q0	1031014_nation_story_2458108.utf8	22	12.301380	shuvam
221	Q0	1021112_frontpage_index.utf8	23	12.214086	shuvam
221	Q0	1021115_nation_story_1386930.utf8	24	11.963631	shuvam
221	Q0	1030128_foreign_story_1614271.utf8	25	11.844484	shuvam
221	Q0	1021112_frontpage_story_1376988.utf8	26	11.828354	shuvam
221	Q0	1030625_nation_story_2101867.utf8	27	11.764898	shuvam
221	Q0	en.15.255.362.2008.4.5	28	11.739386	shuvam
221	Q0	1091021_frontpage_story_11638885.utf8	29	11.709844	shuvam
221	Q0	1101228_nation_story_13359301.utf8	30	11.687192	shuvam
221	Q0	en.2.320.349.2010.6.8	31	11.612481	shuvam
221	Q0	en.13.3.29.2009.6.12	32	11.530333	shuvam
221	Q0	1061025_nation_story_6912696.utf8	33	11.236521	shuvam
221	Q0	1100513_frontpage_story_12444231.utf8	34	11.224353	shuvam
221	Q0	en.3.332.275.2009.10.16	35	10.855197	shuvam
221	Q0	1060720_foreign_story_6501554.utf8	36	10.829325	shuvam
221	Q0	en.2.319.496.2010.6.7	37	10.813169	shuvam
221	Q0	en.15.187.446.2007.5.30	38	10.773010	shuvam
221	Q0	1021007_nation_story_1269534.utf8	39	10.747459	shuvam
221	Q0	1051209_nation_story_5578999.utf8	40	10.697967	shuvam
221	Q0	1081108_nation_story_10080634.utf8	41	10.573143	shuvam
221	Q0	en.15.73.26.2008.6.28	42	10.543909	shuvam
221	Q0	en.15.209.153.2007.9.18	43	10.525303	shuvam
221	Q0	1101110_nation_story_13159539.utf8	44	10.454283	shuvam
221	Q0	1060625_opinion_story_6395743.utf8	45	10.452811	shuvam
221	Q0	en.15.239.330.2008.2.2	46	10.309525	shuvam
221	Q0	en.15.73.237.2008.6.25	47	10.307552	shuvam
221	Q0	en.15.90.413.2008.10.18	48	10.304504	shuvam
221	Q0	1100328_nation_index.utf8	49	10.277567	shuvam
221	Q0	en.15.248.123.2008.3.6	50	10.165647	shuvam
221	Q0	1020919_foreign_story_1213499.utf8	51	10.147923	shuvam
221	Q0	en.2.319.4.2010.6.7	52	10.105995	shuvam
221	Q0	1060329_nation_story_6027870.utf8	53	10.104985	shuvam
221	Q0	en.3.374.490.2007.6.14	54	9.752743	shuvam
221	Q0	1091006_nation_story_11580064.utf8	55	9.683339	shuvam
221	Q0	1050130_nation_story_4314083.utf8	56	9.667990	shuvam
221	Q0	en.15.106.283.2009.1.21	57	9.589248	shuvam
221	Q0	1021120_opinion_story_1398126.utf8	58	9.493595	shuvam
221	Q0	en.15.249.22.2008.3.10	59	9.224663	shuvam
221	Q0	1041016_business_story_3889349.utf8	60	8.938271	shuvam
221	Q0	en.3.360.354.2010.4.24	61	8.862576	shuvam
221	Q0	1061025_nation_index.utf8	62	8.812295	shuvam
221	Q0	1090726_nation_story_11283641.utf8	63	8.750751	shuvam
221	Q0	1090622_frontpage_story_11142858.utf8	64	8.676305	shuvam
221	Q0	en.15.98.258.2008.12.1	65	8.612520	shuvam
221	Q0	1080629_foreign_story_9479620.utf8	66	8.571831	shuvam
221	Q0	en.15.96.210.2008.11.19	67	8.543329	shuvam
221	Q0	1090512_frontpage_index.utf8	68	8.482564	shuvam
221	Q0	1080729_frontpage_story_9616066.utf8	69	8.418844	shuvam
221	Q0	en.2.298.293.2010.1.29	70	8.408056	shuvam
221	Q0	en.15.227.315.2007.12.12	71	8.357445	shuvam
221	Q0	en.2.289.474.2009.11.12	72	8.314962	shuvam
221	Q0	en.15.73.361.2008.6.30	73	8.305160	shuvam
221	Q0	en.15.99.495.2008.12.3	74	8.305160	shuvam
221	Q0	1031014_nation_index.utf8	75	8.247420	shuvam
221	Q0	1021225_calcutta_story_1501023.utf8	76	8.247420	shuvam
221	Q0	en.15.85.276.2008.9.19	77	8.206502	shuvam
221	Q0	en.3.401.443.2007.10.30	78	8.192888	shuvam
221	Q0	1060720_foreign_index.utf8	79	8.192888	shuvam
221	Q0	en.2.289.130.2009.11.17	80	8.178003	shuvam
221	Q0	en.15.98.399.2008.12.1	81	8.166229	shuvam
221	Q0	en.3.377.296.2007.6.30	82	8.071572	shuvam
221	Q0	1051212_nation_story_5589768.utf8	83	8.061483	shuvam
221	Q0	en.3.408.416.2007.11.29	84	8.037956	shuvam
221	Q0	en.3.360.461.2010.4.22	85	7.997301	shuvam
221	Q0	1081117_foreign_story_10120889.utf8	86	7.966242	shuvam
221	Q0	1071129_nation_story_8607198.utf8	87	7.959300	shuvam
221	Q0	en.3.377.103.2007.6.28	88	7.930322	shuvam
221	Q0	1030308_calcutta_story_1744214.utf8	89	7.884270	shuvam
221	Q0	en.15.60.245.2008.4.11	90	7.847430	shuvam
221	Q0	1050601_nation_story_4811930.utf8	91	7.712899	shuvam
221	Q0	1070222_foreign_story_7425071.utf8	92	7.647586	shuvam
221	Q0	1021125_opinion_story_1410136.utf8	93	7.619871	shuvam
221	Q0	1051208_business_story_5574050.utf8	94	7.601368	shuvam
221	Q0	en.3.400.216.2007.10.27	95	7.533751	shuvam
221	Q0	en.15.249.4.2008.3.10	96	7.529925	shuvam
221	Q0	1021202_calcutta_story_1437226.utf8	97	7.464672	shuvam
221	Q0	1090725_business_story_11280916.utf8	98	7.443995	shuvam
221	Q0	en.3.329.163.2009.9.25	99	7.360103	shuvam
221	Q0	en.3.352.125.2010.3.7	100	7.297647	shuvam
222	Q0	1040705_frontpage_story_3455936.utf8	1	11.434799	shuvam
222	Q0	1040701_sports_story_3440791.utf8	2	10.882681	shuvam
222	Q0	1050610_sports_story_4849838.utf8	3	10.692221	shuvam
222	Q0	1041215_sports_story_4130116.utf8	4	10.335452	shuvam
222	Q0	1040706_sports_story_3460612.utf8	5	10.245157	shuvam
222	Q0	1040708_sports_story_3468228.utf8	6	10.206106	shuvam
222	Q0	1040712_sports_story_3484090.utf8	7	10.160419	shuvam
222	Q0	1040430_sports_story_3190481.utf8	8	10.148349	shuvam
222	Q0	1040607_sports_story_3342184.utf8	9	10.144825	shuvam
222	Q0	en.15.72.76.2008.6.19	10	10.101853	shuvam
222	Q0	1100612_sports_story_12557278.utf8	11	9.997614	shuvam
222	Q0	1100602_sports_story_12513829.utf8	12	9.691738	shuvam
222	Q0	1040904_sports_story_3716335.utf8	13	9.645933	shuvam
222	Q0	1040703_sports_story_3449928.utf8	14	9.637132	shuvam
222	Q0	1050622_sports_story_4900190.utf8	15	9.578195	shuvam
222	Q0	1040706_sports_story_3459172.utf8	16	9.553597	shuvam
222	Q0	1040702_sports_story_3444401.utf8	17	9.426327	shuvam
222	Q0	1050209_sports_story_4355787.utf8	18	9.425899	shuvam
222	Q0	en.2.320.371.2010.6.12	19	9.415810	shuvam
222	Q0	1040904_sports_story_3716336.utf8	20	9.395056	shuvam
222	Q0	1040706_sports_index.utf8	21	9.366855	shuvam
222	Q0	en.3.366.483.2010.5.24	22	9.353158	shuvam
222	Q0	en.15.71.465.2008.6.15	23	9.265952	shuvam
222	Q0	en.15.225.299.2007.12.2	24	9.252654	shuvam
222	Q0	1040622_sports_story_3401925.utf8	25	9.252532	shuvam
222	Q0	1080605_sports_story_9367037.utf8	26	9.167192	shuvam
222	Q0	1040703_sports_index.utf8	27	9.146573	shuvam
222	Q0	1040614_sports_story_3368154.utf8	28	9.052034	shuvam
222	Q0	1040622_sports_story_3401228.utf8	29	9.010659	shuvam
222	Q0	1031117_sports_story_2580397.utf8	30	8.997943	shuvam
222	Q0	1040630_sports_story_3435935.utf8	31	8.973924	shuvam
222	Q0	1061013_sports_story_6865261.utf8	32	8.966532	shuvam
222	Q0	1040925_sports_story_3801322.utf8	33	8.953407	shuvam
222	Q0	en.15.147.153.2009.10.5	34	8.899623	shuvam
222	Q0	1060128_sports_story_5774420.utf8	35	8.895630	shuvam
222	Q0	1040707_sports_story_3463678.utf8	36	8.890622	shuvam
222	Q0	1100629_opinion_story_12622689.utf8	37	8.890481	shuvam
222	Q0	1040612_sports_story_3361992.utf8	38	8.870551	shuvam
222	Q0	en.3.398.339.2007.10.15	39	8.862811	shuvam
222	Q0	en.15.71.417.2008.6.15	40	8.813357	shuvam
222	Q0	1040629_sports_story_3430202.utf8	41	8.792260	shuvam
222	Q0	1040620_sports_story_3393694.utf8	42	8.759740	shuvam
222	Q0	1040703_sports_story_3448578.utf8	43	8.689226	shuvam
222	Q0	en.3.347.186.2010.2.5	44	8.621438	shuvam
222	Q0	en.3.391.190.2007.9.15	45	8.604832	shuvam
222	Q0	en.15.209.248.2007.9.17	46	8.603131	shuvam
222	Q0	1040629_sports_story_3431530.utf8	47	8.564442	shuvam
222	Q0	1040531_sports_story_3312639.utf8	48	8.558448	shuvam
222	Q0	en.2.268.299.2009.6.21	49	8.555120	shuvam
222	Q0	1040626_sports_index.utf8	50	8.546558	shuvam
222	Q0	1030822_sports_story_2288207.utf8	51	8.533216	shuvam
222	Q0	en.15.227.247.2007.12.11	52	8.480555	shuvam
222	Q0	1040728_sports_story_3551395.utf8	53	8.478899	shuvam
222	Q0	1040608_sports_story_3346310.utf8	54	8.463095	shuvam
222	Q0	1050211_sports_story_4364213.utf8	55	8.415907	shuvam
222	Q0	1040627_sports_story_3422725.utf8	56	8.412378	shuvam
222	Q0	1031013_sports_story_2455807.utf8	57	8.398865	shuvam
222	Q0	en.15.132.396.2009.6.25	58	8.397953	shuvam
222	Q0	1080603_sports_story_9357574.utf8	59	8.397586	shuvam
222	Q0	en.15.253.18.2008.3.25	60	8.381893	shuvam
222	Q0	1031207_sports_story_2652985.utf8	61	8.379764	shuvam
222	Q0	en.15.73.375.2008.6.24	62	8.333745	shuvam
222	Q0	en.3.355.213.2010.3.22	63	8.330254	shuvam
222	Q0	en.15.181.143.2010.5.18	64	8.304818	shuvam
222	Q0	1060605_sports_story_6311247.utf8	65	8.298848	shuvam
222	Q0	1040703_sports_story_3448576.utf8	66	8.295483	shuvam
222	Q0	en.15.72.319.2008.6.19	67	8.291134	shuvam
222	Q0	1040807_sports_story_3595108.utf8	68	8.278357	shuvam
222	Q0	1040705_sports_story_3456959.utf8	69	8.253219	shuvam
222	Q0	en.3.391.282.2007.9.13	70	8.223505	shuvam
222	Q0	en.3.358.371.2010.4.12	71	8.219529	shuvam
222	Q0	en.15.71.377.2008.6.15	72	8.194324	shuvam
222	Q0	en.15.73.392.2008.6.28	73	8.189173	shuvam
222	Q0	1080618_sports_story_9427302.utf8	74	8.187946	shuvam
222	Q0	1040910_sports_story_3740722.utf8	75	8.147457	shuvam
222	Q0	1040819_sports_story_3645430.utf8	76	8.145089	shuvam
222	Q0	en.3.354.205.2010.3.21	77	8.137724	shuvam
222	Q0	en.15.71.291.2008.6.17	78	8.134721	shuvam
222	Q0	en.3.361.206.2010.4.26	79	8.132874	shuvam
222	Q0	en.15.73.481.2008.6.25	80	8.112519	shuvam
222	Q0	1040701_sports_story_3440787.utf8	81	8.101773	shuvam
222	Q0	1091020_sports_story_11633512.utf8	82	8.093100	shuvam
222	Q0	1040627_sports_index.utf8	83	8.091548	shuvam
222	Q0	1040620_sports_index.utf8	84	8.091318	shuvam
222	Q0	1040915_sports_story_3759480.utf8	85	8.079396	shuvam
222	Q0	en.2.311.355.2010.4.26	86	8.076771	shuvam
222	Q0	en.15.238.485.2008.1.31	87	8.074812	shuvam
222	Q0	1050706_sports_story_4953975.utf8	88	8.073603	shuvam
222	Q0	1060217_sports_story_5858413.utf8	89	8.063839	shuvam
222	Q0	1040610_sports_story_3354904.utf8	90	8.062764	shuvam
222	Q0	en.3.360.324.2010.4.24	91	8.058519	shuvam
222	Q0	en.15.172.246.2010.3.26	92	8.053551	shuvam
222	Q0	1040220_sports_story_2916458.utf8	93	8.038613	shuvam
222	Q0	en.3.349.374.2010.2.16	94	8.012258	shuvam
222	Q0	1040627_sports_story_3422726.utf8	95	8.000206	shuvam
222	Q0	en.3.363.384.2010.5.8	96	7.998102	shuvam
222	Q0	en.13.51.185.2010.5.2	97	7.963376	shuvam
222	Q0	en.3.354.142.2010.3.18	98	7.954575	shuvam
222	Q0	1040624_sports_story_3410039.utf8	99	7.944232	shuvam
222	Q0	en.15.96.483.2008.11.20	100	7.942668	shuvam
223	Q0	1091111_sports_story_11726614.utf8	1	12.717060	shuvam
223	Q0	1041213_nation_story_4121750.utf8	2	12.471056	shuvam
223	Q0	1060112_sports_story_5711202.utf8	3	12.303361	shuvam
223	Q0	en.13.26.355.2009.11.11	4	11.500009	shuvam
223	Q0	1040811_foreign_story_3610229.utf8	5	11.437904	shuvam
223	Q0	1080713_sports_story_9543368.utf8	6	11.138230	shuvam
223	Q0	1040331_sports_story_3068046.utf8	7	11.048820	shuvam
223	Q0	1041106_sports_story_3972253.utf8	8	10.964198	shuvam
223	Q0	1070715_sports_story_8061056.utf8	9	10.728312	shuvam
223	Q0	1091116_sports_story_11745252.utf8	10	10.647706	shuvam
223	Q0	1021023_foreign_story_1315592.utf8	11	10.603271	shuvam
223	Q0	1091113_sports_story_11735490.utf8	12	10.521083	shuvam
223	Q0	1070814_sports_story_8191383.utf8	13	10.502628	shuvam
223	Q0	1091110_sports_story_11721336.utf8	14	10.477884	shuvam
223	Q0	1030724_sports_story_2195133.utf8	15	10.412691	shuvam
223	Q0	1091119_sports_story_11759235.utf8	16	10.378640	shuvam
223	Q0	en.3.326.91.2009.9.6	17	10.269487	shuvam
223	Q0	1041104_sports_story_3963384.utf8	18	10.230906	shuvam
223	Q0	1041212_nation_story_4118364.utf8	19	10.143612	shuvam
223	Q0	1060718_sports_story_6492459.utf8	20	10.115808	shuvam
223	Q0	1060110_sports_story_5702652.utf8	21	9.774792	shuvam
223	Q0	1100108_opinion_story_11954502.utf8	22	9.760733	shuvam
223	Q0	en.3.326.276.2009.9.6	23	9.610769	shuvam
223	Q0	1070224_sports_story_7435477.utf8	24	9.578665	shuvam
223	Q0	1090907_sports_story_11460101.utf8	25	9.567230	shuvam
223	Q0	1050316_sports_story_4498554.utf8	26	9.531223	shuvam
223	Q0	1030318_sports_story_1779510.utf8	27	9.199172	shuvam
223	Q0	1070528_frontpage_story_7840320.utf8	28	9.182115	shuvam
223	Q0	1050224_sports_story_4418064.utf8	29	8.992127	shuvam
223	Q0	1090622_sports_story_11142921.utf8	30	8.946360	shuvam
223	Q0	en.15.248.333.2008.3.9	31	8.931829	shuvam
223	Q0	1031009_sports_story_2442800.utf8	32	8.917142	shuvam
223	Q0	1030726_opinion_story_2199739.utf8	33	8.782732	shuvam
223	Q0	en.13.8.441.2009.7.15	34	8.564449	shuvam
223	Q0	en.13.25.275.2009.11.8	35	8.413198	shuvam
223	Q0	1090719_sports_story_11255641.utf8	36	8.406363	shuvam
223	Q0	1070325_sports_story_7563245.utf8	37	8.314971	shuvam
223	Q0	1070307_nation_story_7482343.utf8	38	8.272892	shuvam
223	Q0	en.15.227.216.2007.12.13	39	8.227353	shuvam
223	Q0	1050225_sports_story_4422407.utf8	40	8.211564	shuvam
223	Q0	1040628_frontpage_story_3426946.utf8	41	8.210700	shuvam
223	Q0	1060203_sports_story_5799226.utf8	42	8.191897	shuvam
223	Q0	1030913_sports_story_2361852.utf8	43	8.126359	shuvam
223	Q0	1051028_sports_story_5409102.utf8	44	8.057795	shuvam
223	Q0	1050228_sports_story_4434117.utf8	45	8.051598	shuvam
223	Q0	1101210_sports_story_13282306.utf8	46	8.040111	shuvam
223	Q0	1040428_sports_story_3181670.utf8	47	8.035566	shuvam
223	Q0	1090129_sports_story_10454509.utf8	48	8.027417	shuvam
223	Q0	1060427_sports_story_6150867.utf8	49	8.026991	shuvam
223	Q0	1091231_foreign_story_11927326.utf8	50	7.978234	shuvam
223	Q0	1041221_sports_story_4155384.utf8	51	7.961123	shuvam
223	Q0	1040301_sports_story_2953181.utf8	52	7.955381	shuvam
223	Q0	1051224_sports_story_5640183.utf8	53	7.946784	shuvam
223	Q0	1050421_sports_story_4641664.utf8	54	7.890508	shuvam
223	Q0	1061009_sports_story_6846088.utf8	55	7.847771	shuvam
223	Q0	1020907_foreign_story_1176554.utf8	56	7.817697	shuvam
223	Q0	1031206_frontpage_story_2650208.utf8	57	7.814131	shuvam
223	Q0	1030529_sports_story_2015762.utf8	58	7.797071	shuvam
223	Q0	1060112_sports_story_5711203.utf8	59	7.796292	shuvam
223	Q0	en.15.219.429.2007.11.4	60	7.773916	shuvam
223	Q0	1050601_sports_story_4812411.utf8	61	7.766107	shuvam
223	Q0	en.3.378.81.2007.7.8	62	7.758702	shuvam
223	Q0	1100901_sports_story_12881753.utf8	63	7.758580	shuvam
223	Q0	1040808_foreign_story_3598809.utf8	64	7.704061	shuvam
223	Q0	1060209_sports_story_5823880.utf8	65	7.685517	shuvam
223	Q0	1060822_sports_story_6641093.utf8	66	7.675471	shuvam
223	Q0	1050805_sports_story_5076893.utf8	67	7.606635	shuvam
223	Q0	1100203_sports_story_12058674.utf8	68	7.597875	shuvam
223	Q0	1100919_sports_story_12954837.utf8	69	7.589926	shuvam
223	Q0	1100719_sports_story_12700041.utf8	70	7.561612	shuvam
223	Q0	1031007_sports_story_2435626.utf8	71	7.558717	shuvam
223	Q0	1070418_sports_story_7661729.utf8	72	7.558717	shuvam
223	Q0	1071116_foreign_story_8555311.utf8	73	7.508154	shuvam
223	Q0	1061202_sports_story_7080447.utf8	74	7.505877	shuvam
223	Q0	1041013_sports_story_3876678.utf8	75	7.500039	shuvam
223	Q0	1060209_sports_story_5823977.utf8	76	7.498456	shuvam
223	Q0	1070227_sports_story_7446098.utf8	77	7.498456	shuvam
223	Q0	1040719_sports_story_3514152.utf8	78	7.497050	shuvam
223	Q0	1050106_calcutta_story_4215761.utf8	79	7.487973	shuvam
223	Q0	en.2.317.79.2010.5.28	80	7.484678	shuvam
223	Q0	1080219_foreign_story_8921231.utf8	81	7.477036	shuvam
223	Q0	1080129_foreign_story_8837343.utf8	82	7.475670	shuvam
223	Q0	1040424_sports_story_3166878.utf8	83	7.473007	shuvam
223	Q0	1101111_sports_story_13163755.utf8	84	7.457273	shuvam
223	Q0	1061104_sports_story_6958649.utf8	85	7.430096	shuvam
223	Q0	1100718_sports_story_12697181.utf8	86	7.427908	shuvam
223	Q0	1040708_sports_story_3468451.utf8	87	7.424436	shuvam
223	Q0	en.3.378.61.2007.7.8	88	7.419484	shuvam
223	Q0	1031107_sports_story_2545125.utf8	89	7.410212	shuvam
223	Q0	1090811_sports_story_11346578.utf8	90	7.409439	shuvam
223	Q0	en.3.379.121.2007.7.10	91	7.405828	shuvam
223	Q0	1071112_foreign_story_8537659.utf8	92	7.400101	shuvam
223	Q0	en.3.354.428.1970.1.1	93	7.391492	shuvam
223	Q0	1091001_sports_story_11560956.utf8	94	7.388304	shuvam
223	Q0	1030122_sports_story_1597262.utf8	95	7.369227	shuvam
223	Q0	1060112_sports_index.utf8	96	7.359108	shuvam
223	Q0	1060206_sports_story_5810682.utf8	97	7.341595	shuvam
223	Q0	1050321_sports_story_4518758.utf8	98	7.337116	shuvam
223	Q0	1100204_sports_story_12064491.utf8	99	7.333958	shuvam
223	Q0	1040517_foreign_story_3256456.utf8	100	7.330321	shuvam
224	Q0	en.3.357.121.2010.4.4	1	15.859145	shuvam
224	Q0	en.3.356.131.2010.4.4	2	15.556402	shuvam
224	Q0	en.3.352.71.2010.3.6	3	15.385714	shuvam
224	Q0	1100430_foreign_story_12396954.utf8	4	15.159082	shuvam
224	Q0	en.15.184.166.2010.5.30	5	15.066381	shuvam
224	Q0	1100402_frontpage_story_12294976.utf8	6	14.892598	shuvam
224	Q0	1100128_frontpage_story_12037215.utf8	7	14.730594	shuvam
224	Q0	en.3.352.154.2010.3.6	8	14.668254	shuvam
224	Q0	1100404_frontpage_story_12300935.utf8	9	14.008951	shuvam
224	Q0	1101217_foreign_story_13312051.utf8	10	13.860184	shuvam
224	Q0	en.2.317.369.2010.5.28	11	13.769878	shuvam
224	Q0	en.2.298.137.2010.1.28	12	13.416941	shuvam
224	Q0	en.3.354.411.2010.3.18	13	13.371887	shuvam
224	Q0	en.13.59.380.2010.6.9	14	13.256862	shuvam
224	Q0	1100504_foreign_story_12409569.utf8	15	13.202418	shuvam
224	Q0	1100417_calcutta_story_12348994.utf8	16	12.752785	shuvam
224	Q0	1101212_foreign_story_13288289.utf8	17	11.549599	shuvam
224	Q0	1100409_foreign_story_12320310.utf8	18	11.091558	shuvam
224	Q0	1100406_foreign_story_12306986.utf8	19	11.043013	shuvam
224	Q0	en.3.357.180.2010.4.5	20	10.855884	shuvam
224	Q0	1100601_frontpage_story_12509066.utf8	21	10.369287	shuvam
224	Q0	1101111_calcutta_story_13134475.utf8	22	10.332756	shuvam
224	Q0	en.3.358.88.2010.4.14	23	10.108654	shuvam
224	Q0	en.2.317.465.2010.5.28	24	10.084706	shuvam
224	Q0	1100821_calcutta_story_12833789.utf8	25	10.013159	shuvam
224	Q0	en.13.55.287.2010.5.21	26	10.008446	shuvam
224	Q0	1100129_frontpage_story_12041132.utf8	27	10.008101	shuvam
224	Q0	en.3.358.146.2010.4.14	28	9.990248	shuvam
224	Q0	1100529_business_story_12500338.utf8	29	9.925347	shuvam
224	Q0	en.15.109.261.2009.3.30	30	9.925123	shuvam
224	Q0	1100418_foreign_story_12351328.utf8	31	9.896064	shuvam
224	Q0	en.2.319.297.2010.6.3	32	9.835623	shuvam
224	Q0	1100710_frontpage_story_12667865.utf8	33	9.681925	shuvam
224	Q0	en.3.376.369.2007.6.26	34	9.680418	shuvam
224	Q0	1100617_foreign_story_12574454.utf8	35	9.599171	shuvam
224	Q0	1080812_business_story_9681630.utf8	36	9.588232	shuvam
224	Q0	1100404_foreign_story_12300686.utf8	37	9.453202	shuvam
224	Q0	1100608_foreign_story_12541632.utf8	38	9.202775	shuvam
224	Q0	1100723_business_story_12716713.utf8	39	9.175910	shuvam
224	Q0	en.3.363.345.2010.5.9	40	9.105083	shuvam
224	Q0	1100131_foreign_story_12048639.utf8	41	9.091923	shuvam
224	Q0	en.3.384.123.2007.8.7	42	9.088035	shuvam
224	Q0	en.15.75.21.2008.7.10	43	9.041390	shuvam
224	Q0	1080513_business_story_9263281.utf8	44	8.983910	shuvam
224	Q0	1101226_foreign_story_13350378.utf8	45	8.968151	shuvam
224	Q0	en.2.281.280.2009.9.10	46	8.911891	shuvam
224	Q0	en.13.59.335.2010.6.10	47	8.887215	shuvam
224	Q0	1100320_business_story_12240189.utf8	48	8.853713	shuvam
224	Q0	en.2.277.455.2009.8.18	49	8.839479	shuvam
224	Q0	1101217_foreign_story_13311553.utf8	50	8.824536	shuvam
224	Q0	1100609_business_story_12544894.utf8	51	8.821009	shuvam
224	Q0	en.3.390.273.2007.9.8	52	8.800995	shuvam
224	Q0	en.15.75.168.2008.7.12	53	8.739240	shuvam
224	Q0	1070701_frontpage_story_8000249.utf8	54	8.732494	shuvam
224	Q0	en.15.81.469.2008.8.22	55	8.729959	shuvam
224	Q0	1100809_calcutta_story_12789229.utf8	56	8.709599	shuvam
224	Q0	1100408_business_story_12316397.utf8	57	8.644029	shuvam
224	Q0	1100416_foreign_story_12344812.utf8	58	8.581021	shuvam
224	Q0	1100806_foreign_story_12777861.utf8	59	8.323490	shuvam
224	Q0	en.15.98.27.2008.11.26	60	8.319474	shuvam
224	Q0	en.15.246.446.2008.2.29	61	8.306433	shuvam
224	Q0	en.15.184.294.2010.5.31	62	8.285984	shuvam
224	Q0	en.15.93.214.2008.10.30	63	8.268031	shuvam
224	Q0	1070725_foreign_story_8103488.utf8	64	8.260244	shuvam
224	Q0	en.15.128.140.2009.6.7	65	8.243003	shuvam
224	Q0	1100713_foreign_story_12677227.utf8	66	8.210577	shuvam
224	Q0	1100730_foreign_story_12748264.utf8	67	8.195486	shuvam
224	Q0	en.2.266.79.2009.6.9	68	8.177608	shuvam
224	Q0	1080821_frontpage_story_9722523.utf8	69	8.119831	shuvam
224	Q0	1100624_foreign_story_12599741.utf8	70	8.070287	shuvam
224	Q0	1100323_business_story_12250618.utf8	71	8.066124	shuvam
224	Q0	1080807_calcutta_story_9654652.utf8	72	8.055568	shuvam
224	Q0	1080828_opinion_story_9740636.utf8	73	8.051461	shuvam
224	Q0	en.15.86.371.2008.9.24	74	8.031862	shuvam
224	Q0	en.15.84.273.2008.9.14	75	7.980868	shuvam
224	Q0	1100603_foreign_story_12518024.utf8	76	7.910109	shuvam
224	Q0	1090922_business_story_11526412.utf8	77	7.903130	shuvam
224	Q0	1070412_foreign_story_7637435.utf8	78	7.874438	shuvam
224	Q0	1100412_foreign_story_12328815.utf8	79	7.792946	shuvam
224	Q0	1100128_frontpage_index.utf8	80	7.782531	shuvam
224	Q0	1080507_business_story_9236534.utf8	81	7.714324	shuvam
224	Q0	en.3.358.31.2010.4.13	82	7.689624	shuvam
224	Q0	en.2.278.431.2009.8.27	83	7.686850	shuvam
224	Q0	en.3.376.53.2007.6.26	84	7.664825	shuvam
224	Q0	1070701_foreign_story_8000241.utf8	85	7.652785	shuvam
224	Q0	1100807_business_story_12783292.utf8	86	7.630554	shuvam
224	Q0	en.15.116.65.2009.2.17	87	7.611235	shuvam
224	Q0	en.15.94.259.2008.11.6	88	7.609387	shuvam
224	Q0	en.2.268.423.2009.6.22	89	7.583412	shuvam
224	Q0	en.3.388.163.2007.8.30	90	7.577850	shuvam
224	Q0	en.2.270.198.2009.7.3	91	7.549035	shuvam
224	Q0	en.15.70.496.2008.6.9	92	7.518655	shuvam
224	Q0	en.15.99.286.2008.12.8	93	7.505110	shuvam
224	Q0	1080711_frontpage_story_9535400.utf8	94	7.475155	shuvam
224	Q0	1100717_foreign_story_12694091.utf8	95	7.454123	shuvam
224	Q0	1070711_foreign_story_8044186.utf8	96	7.448625	shuvam
224	Q0	1101030_foreign_story_13118757.utf8	97	7.382676	shuvam
224	Q0	en.3.354.471.2010.3.18	98	7.371309	shuvam
224	Q0	1100724_foreign_story_12718921.utf8	99	7.359052	shuvam
224	Q0	1090828_foreign_story_11419402.utf8	100	7.332616	shuvam
225	Q0	1090925_opinion_story_11532793.utf8	1	12.859015	shuvam
225	Q0	1100330_opinion_story_12276859.utf8	2	10.999670	shuvam
225	Q0	1070624_opinion_story_7960120.utf8	3	10.816759	shuvam
225	Q0	en.15.194.85.2007.7.2	4	9.665633	shuvam
225	Q0	1070627_foreign_story_7980773.utf8	5	9.230511	shuvam
225	Q0	en.3.375.193.2007.6.18	6	9.075568	shuvam
225	Q0	1040606_nation_story_3338051.utf8	7	8.890728	shuvam
225	Q0	1070312_nation_story_7503521.utf8	8	8.890728	shuvam
225	Q0	1020930_foreign_story_1247671.utf8	9	8.842671	shuvam
225	Q0	en.15.75.44.2008.7.11	10	8.636398	shuvam
225	Q0	1070531_opinion_story_7852554.utf8	11	8.580696	shuvam
225	Q0	1070619_foreign_story_7943300.utf8	12	8.550631	shuvam
225	Q0	1041227_atleisure_story_4179435.utf8	13	8.059984	shuvam
225	Q0	en.3.376.269.2007.6.24	14	8.011677	shuvam
225	Q0	en.3.375.8.2007.6.19	15	7.704976	shuvam
225	Q0	1080407_nation_story_9104891.utf8	16	7.704976	shuvam
225	Q0	1060730_nation_story_6545656.utf8	17	7.242397	shuvam
225	Q0	1070623_foreign_story_7962343.utf8	18	7.187225	shuvam
225	Q0	en.3.419.82.2008.1.17	19	7.086207	shuvam
225	Q0	1050214_frontpage_story_4376401.utf8	20	7.035016	shuvam
225	Q0	1051215_opinion_story_5603586.utf8	21	7.016345	shuvam
225	Q0	1040809_nation_story_3601148.utf8	22	6.987989	shuvam
225	Q0	1070620_foreign_story_7948252.utf8	23	6.709019	shuvam
225	Q0	1031128_frontpage_story_2620984.utf8	24	6.535093	shuvam
225	Q0	1041214_atleisure_story_4125739.utf8	25	6.535093	shuvam
225	Q0	1080115_nation_story_8783701.utf8	26	6.503327	shuvam
225	Q0	1100914_foreign_story_12934202.utf8	27	6.499124	shuvam
225	Q0	1061206_nation_story_7100872.utf8	28	6.399932	shuvam
225	Q0	en.3.375.209.2007.6.20	29	6.374596	shuvam
225	Q0	1041223_nation_story_4163616.utf8	30	6.369956	shuvam
225	Q0	1040117_opinion_story_2795938.utf8	31	6.217399	shuvam
225	Q0	en.3.379.290.2007.7.11	32	6.212960	shuvam
225	Q0	1041030_opinion_story_3936110.utf8	33	6.212960	shuvam
225	Q0	1060314_nation_story_5966963.utf8	34	6.211971	shuvam
225	Q0	1031224_calcutta_story_2712427.utf8	35	6.187187	shuvam
225	Q0	1041227_atleisure_index.utf8	36	6.131838	shuvam
225	Q0	1100721_opinion_story_12700656.utf8	37	6.089379	shuvam
225	Q0	1030713_frontpage_story_2159508.utf8	38	6.063516	shuvam
225	Q0	1050612_foreign_story_4858292.utf8	39	5.921092	shuvam
225	Q0	1080212_foreign_story_8892431.utf8	40	5.906891	shuvam
225	Q0	1070621_foreign_index.utf8	41	5.906891	shuvam
225	Q0	1070312_nation_index.utf8	42	5.906891	shuvam
225	Q0	en.3.375.167.2007.6.17	43	5.821467	shuvam
225	Q0	1040612_nation_story_3361807.utf8	44	5.821467	shuvam
225	Q0	1070622_foreign_story_7956226.utf8	45	5.821467	shuvam
225	Q0	1070622_foreign_story_7957798.utf8	46	5.821467	shuvam
225	Q0	1061011_foreign_story_6855143.utf8	47	5.738478	shuvam
225	Q0	1070618_foreign_story_7937888.utf8	48	5.738478	shuvam
225	Q0	1061008_foreign_story_6842396.utf8	49	5.657823	shuvam
225	Q0	en.15.203.80.2007.8.18	50	5.654202	shuvam
225	Q0	1041019_frontpage_story_3901177.utf8	51	5.629671	shuvam
225	Q0	en.3.379.371.2007.7.11	52	5.579403	shuvam
225	Q0	1021116_foreign_story_1390623.utf8	53	5.579403	shuvam
225	Q0	1101022_foreign_story_13086121.utf8	54	5.579403	shuvam
225	Q0	1060818_foreign_story_6624548.utf8	55	5.579403	shuvam
225	Q0	1050831_foreign_story_5178173.utf8	56	5.579403	shuvam
225	Q0	1090809_opinion_story_11336843.utf8	57	5.531324	shuvam
225	Q0	1080626_nation_story_9465193.utf8	58	5.531324	shuvam
225	Q0	1051014_frontpage_story_5353058.utf8	59	5.531324	shuvam
225	Q0	1070511_opinion_story_7754676.utf8	60	5.531324	shuvam
225	Q0	1060610_opinion_story_6332794.utf8	61	5.490654	shuvam
225	Q0	1100305_opinion_story_12176524.utf8	62	5.395988	shuvam
225	Q0	1051215_business_story_5602474.utf8	63	5.376629	shuvam
225	Q0	1040313_opinion_story_2998277.utf8	64	5.356666	shuvam
225	Q0	1050414_nation_story_4613701.utf8	65	5.356666	shuvam
225	Q0	1070616_frontpage_story_7931100.utf8	66	5.356666	shuvam
225	Q0	1070707_opinion_story_8024392.utf8	67	5.273434	shuvam
225	Q0	1040130_opinion_story_2834652.utf8	68	5.235205	shuvam
225	Q0	en.2.311.496.2010.4.26	69	5.231684	shuvam
225	Q0	1091019_nation_story_11630788.utf8	70	5.217798	shuvam
225	Q0	1071026_opinion_story_8460232.utf8	71	5.217798	shuvam
225	Q0	1040919_calcutta_story_3777157.utf8	72	5.217798	shuvam
225	Q0	1070331_nation_story_7589510.utf8	73	5.217798	shuvam
225	Q0	1060102_opinion_story_5667345.utf8	74	5.120378	shuvam
225	Q0	1060517_frontpage_story_6233461.utf8	75	5.085948	shuvam
225	Q0	1070621_foreign_story_7953172.utf8	76	5.085948	shuvam
225	Q0	en.15.61.465.2008.4.17	77	5.000585	shuvam
225	Q0	1041219_opinion_story_4145950.utf8	78	4.985382	shuvam
225	Q0	en.3.374.348.2007.6.16	79	4.960598	shuvam
225	Q0	en.15.192.222.2007.6.21	80	4.960598	shuvam
225	Q0	en.15.192.52.2007.6.22	81	4.960598	shuvam
225	Q0	1050531_nation_story_4807891.utf8	82	4.960598	shuvam
225	Q0	1050422_opinion_story_4640040.utf8	83	4.960598	shuvam
225	Q0	1020927_opinion_story_1237060.utf8	84	4.937321	shuvam
225	Q0	en.15.130.419.2009.6.18	85	4.928023	shuvam
225	Q0	1030212_nation_story_1663161.utf8	86	4.857537	shuvam
225	Q0	1060121_opinion_story_5745171.utf8	87	4.833907	shuvam
225	Q0	1060522_foreign_story_6253950.utf8	88	4.743979	shuvam
225	Q0	1090104_frontpage_story_10341185.utf8	89	4.727563	shuvam
225	Q0	1050609_frontpage_story_4846025.utf8	90	4.727563	shuvam
225	Q0	1090910_sports_story_11473637.utf8	91	4.696573	shuvam
225	Q0	1050914_foreign_story_5236030.utf8	92	4.692968	shuvam
225	Q0	1041002_foreign_story_3831816.utf8	93	4.668775	shuvam
225	Q0	1030917_calcutta_story_2371415.utf8	94	4.658507	shuvam
225	Q0	1040628_frontpage_story_3426946.utf8	95	4.619068	shuvam
225	Q0	1080729_nation_story_9615888.utf8	96	4.619068	shuvam
225	Q0	1050422_opinion_story_4643407.utf8	97	4.619068	shuvam
225	Q0	1040628_nation_story_3425721.utf8	98	4.594665	shuvam
225	Q0	1030830_opinion_story_2305477.utf8	99	4.536014	shuvam
225	Q0	1090208_nation_story_10503281.utf8	100	4.527554	shuvam
